,data,geracao,media,variancia
1,01/01/18,18.118144,,
2,01/02/18,17.801709,18.118144,0.0
3,01/03/18,17.267649,17.9599265,0.02503277730625032
4,01/04/18,17.303115,17.729167333333333,0.12318810420555615
5,01/05/18,17.672623,17.62265425,0.12642618891768811
6,01/06/18,17.775895,17.632648,0.10154045129040054
7,01/07/18,17.588197,17.656522499999998,0.08746700149325042
8,01/08/18,17.384383,17.646761714285713,0.07554335319220441
9,01/09/18,17.911597,17.613964375000002,0.07363009229273465
10,01/10/18,16.894557,17.64703466666667,0.07419812445422251
11,01/11/18,15.025455,17.5717869,0.11773834950369037
12,01/12/18,16.097915,17.34030218181818,0.6428866107023311
13,13/01/18,16.795031,17.236769916666667,0.7072209556785768
14,14/01/18,16.761614,17.20279,0.6666749605433849
15,15/01/18,16.86601,17.17127742857143,0.6319648685591022
16,16/01/18,16.92725358,17.150926266666666,0.5956322543940623
17,17/01/18,16.93435768,17.13694672375,0.5613366527968172
18,18/01/18,16.93213,17.12502972117647,0.5305890888965222
19,19/01/18,17.103676,17.114313069999998,0.5030643097026086
20,20/01/18,17.223031,17.113753224210527,0.476592882462436
21,21/01/18,16.43521,17.119217112999998,0.4533304658726853
22,22/01/18,16.899951,17.086645345714285,0.45296170131342317
23,23/01/18,17.098331,17.07815923909091,0.43388482718999355
24,24/01/18,16.906668,17.07903627217391,0.4150371916007119
25,25/01/18,17.198575,17.07185426083333,0.39893034488262846
26,26/01/18,16.801573,17.076923090399998,0.38358976388354526
27,27/01/18,17.080008,17.06633270230769,0.37164021942512826
28,28/01/18,16.104901,17.066839194814815,0.3578824367549811
29,29/01/18,15.721604,17.032484259285713,0.37696798422722255
30,30/01/18,16.005248,16.987281491724136,0.42118121368571265
31,31/01/18,16.97355,16.954547041999998,0.4382166216597101
32,02/01/18,17.209951,16.95516004064516,0.4240918746263401
33,02/02/18,17.094323,16.963122258125,0.4128043076673507
34,02/03/18,17.115822,16.96709803818182,0.40080090468881163
35,02/04/18,16.847991,16.97147227235294,0.3896440622974656
36,02/05/18,17.137,16.967944236,0.3789345741805133
37,02/06/18,17.267496,16.972640229444444,0.3691804461916694
38,02/07/18,16.930324,16.980609304324325,0.36148881785447806
39,02/08/18,17.240623,16.979286006842106,0.3520407455271072
40,02/09/18,17.266734,16.985986955384618,0.3447203627763969
41,02/10/18,17.352393,16.993005631500004,0.338023564469081
42,02/11/18,17.377259,17.001771177073174,0.33285247885472163
43,02/12/18,17.383366,17.010711363333336,0.3282044239793936
44,13/02/18,16.788814,17.01937775023256,0.3237262259558733
45,14/02/18,17.404238,17.014137665000003,0.3175495269391159
46,15/02/18,17.349464,17.022806561333336,0.3137994603849886
47,16/02/18,17.064184,17.02990781,0.30924698095347775
48,17/02/18,16.401089,17.0306370906383,0.3026917230659397
49,18/02/18,16.910439,17.017521505416667,0.30447051856024193
50,19/02/18,17.216571,17.015336148163264,0.2984860722515918
51,20/02/18,16.929889,17.0193608452,0.2933100619321975
52,21/02/18,17.113157,17.017606495294118,0.2877127714268659
53,22/02/18,17.54334,17.019444005,0.28235203205269066
54,23/02/18,16.564445,17.029328835094343,0.2821055482531938
55,24/02/18,17.047285,17.020719875185186,0.28080942354171395
56,25/02/18,17.341901,17.02120287745455,0.27571639538351655
57,26/02/18,17.009171,17.026929629642858,0.27259665130754485
58,27/02/18,16.477607,17.026618074736845,0.2678196896379142
59,28/02/18,16.183626,17.017152366551727,0.2683092877744993
60,03/01/18,16.844762,17.003024801016952,0.2753377829879569
61,03/02/18,17.092079,17.00038708766667,0.271159314309535
62,03/03/18,16.949326,17.001890233770492,0.2668496465412895
63,03/04/18,16.609433,17.001042423548387,0.262589465696707
64,03/05/18,16.516724,16.994826400952384,0.26081699302828804
65,03/06/18,16.90902,16.987356050937503,0.26025751366094546
66,03/07/18,16.559905,16.98615088092308,0.2563465077371901
67,03/08/18,16.566116,16.979692610000004,0.2551735718567029
68,03/09/18,16.395822,16.973519824776123,0.2538798273924528
69,03/10/18,16.609704,16.965024268529415,0.2549819904070797
70,03/11/18,16.049394,16.959874699420293,0.2530898274584138
71,03/12/18,16.393424,16.946867832285715,0.2611475813880211
72,13/03/18,16.604223,16.939072848732398,0.2617227702406509
73,14/03/18,16.368982,16.93442215638889,0.259623386453536
74,15/03/18,16.755334,16.926676400821922,0.26038666621743206
75,16/03/18,16.723613,16.924360962972976,0.25725929891232396
76,17/03/18,16.945016,16.92168432346667,0.25435934045628356
77,18/03/18,16.269927,16.92199131921053,0.2510195755082333
78,19/03/18,16.573295,16.913522951428575,0.2532097882407877
79,20/03/18,16.599606,16.909161054615385,0.2514285219776518
80,21/03/18,14.785902,16.905242636202534,0.2494434946818858
81,22/03/18,15.626558,16.878750878250003,0.3017686969121886
82,23/03/18,16.583664,16.863291706913582,0.3171620357168396
83,24/03/18,16.739621,16.85988161292683,0.3142361340338521
84,25/03/18,16.756521,16.858432689879518,0.3106223055111284
85,26/03/18,16.589447,16.85721945547619,0.30704659175225585
86,27/03/18,16.315827,16.85406919129412,0.30426790871912707
87,28/03/18,16.378618,16.84781056116279,0.3040593981257967
88,29/03/18,16.34144,16.842417543218392,0.3030657417743365
89,30/03/18,16.548542,16.83672461659091,0.3024414318725097
90,31/03/18,16.654481,16.83348660966292,0.29996586615704485
91,04/01/18,16.34367,16.831497658444444,0.2969849895871372
92,04/02/18,16.456493,16.826136914945053,0.29630779965095483
93,04/03/18,16.270401,16.822119046304348,0.29455610012389927
94,04/04/18,16.141199,16.816186594193546,0.2946266771304113
95,04/05/18,16.250874,16.80900587510638,0.2962876843525769
96,04/06/18,16.399625,16.803130802736842,0.2964134153051999
97,04/07/18,16.381041,16.798927617291664,0.29500411851165814
98,04/08/18,15.507872,16.79461950783505,0.29374458042003
99,04/09/18,15.151157,16.78148943122449,0.307469881186799
100,04/10/18,14.317155,16.765021426868685,0.3309412512225236
101,04/11/18,15.303259,16.740542762599997,0.3869531341438281
102,04/12/18,15.059807,16.72631223029703,0.4033727199564772
103,13/04/18,16.174055,16.70997394372549,0.4263789858645687
104,14/04/18,16.533883,16.704770847184466,0.42500074984881053
105,15/04/18,16.43683,16.70312769480769,0.4211922989997168
106,16/04/18,16.765585,16.700591526285717,0.41784988745142276
107,17/04/18,16.311464,16.70120467226415,0.41394738192016817
108,18/04/18,16.15686,16.69756223607477,0.41148505298715526
109,19/04/18,16.510553,16.69255573388889,0.41035696806291705
110,20/04/18,16.309967,16.6908859840367,0.4068933362100922
111,21/04/18,16.277816,16.68742308418182,0.404501398500046
112,22/04/18,15.977072,16.683732930270274,0.4023551377048027
113,23/04/18,16.594464,16.677423457678575,0.40318152944493174
114,24/04/18,16.314298,16.676689303185842,0.3996739173840012
115,25/04/18,16.514167,16.673510432105264,0.39730989584020443
116,26/04/18,16.153593,16.67212483704348,0.3940738927797022
117,27/04/18,16.457259,16.667654735000003,0.39297461246094006
118,28/04/18,16.496464,16.665856480854703,0.3899909663741251
119,29/04/18,16.847072,16.664420951355936,0.3869270653427084
120,30/04/18,16.125348,16.66595583411765,0.3839535694795328
121,05/01/18,16.210447,16.661450768833337,0.38316913437323225
122,05/02/18,15.910532,16.657723464958682,0.38166958261317907
123,05/03/18,16.315571,16.651598944754102,0.38307982288752407
124,05/04/18,16.193068,16.648867010243908,0.3808758956552434
125,05/05/18,16.182836,16.645191211774197,0.3794662296615317
126,05/06/18,16.20698,16.64149237008,0.3781269971291988
127,05/07/18,16.479701,16.638043859206352,0.37661251762118597
128,05/08/18,17.237857,16.636797065039374,0.37384293118407735
129,05/09/18,17.437757,16.641492845781254,0.3737226785947296
130,05/10/18,17.712561,16.647665436124036,0.37570251512395725
131,05/11/18,17.838622,16.655856940461543,0.381468491664021
132,05/12/18,18.310436,16.664885681374052,0.3891538795656853
133,13/05/18,17.93144,16.677351971666674,0.4065642436838763
134,14/05/18,19.529667,16.68678120496241,0.4152435478232186
135,15/05/18,18.985558,16.70799677059702,0.4720080453278977
136,16/05/18,19.265812,16.72486759451852,0.5066513992084909
137,17/05/18,17.718816,16.74355100926471,0.5500504694611712
138,18/05/18,16.998199,16.75066973182482,0.5529274672115441
139,19/05/18,19.172197,16.752463422173918,0.549361519969025
140,20/05/18,18.02803,16.769871577410076,0.5872293327023853
141,21/05/18,15.654937,16.77885842328572,0.5942609499009612
142,22/05/18,21.33117,16.770887349361704,0.5989416559652863
143,23/05/18,22.159573,16.803002015915496,0.7401443618880403
144,24/05/18,21.501667,16.840460554265736,0.9342147047273056
145,25/05/18,19.651291,16.872830043472224,1.0775601905140624
146,26/05/18,15.55951,16.891991843172416,1.123001878680348
147,27/05/18,13.242676,16.88286525520548,1.1273878031388944
148,28/05/18,14.555871,16.858102062993197,1.2092479888828316
149,29/05/18,15.823306,16.842546447702706,1.2366480379220355
150,30/05/18,15.169984,16.835705907785236,1.2352737486424596
151,31/05/18,14.492324,16.82460109506667,1.2454128032798337
152,06/01/18,14.915418,16.809155551390727,1.2729497592874925
153,06/02/18,15.51198,16.796696751710527,1.288013564928678
154,06/03/18,15.649829,16.78829991019608,1.2903122316230693
155,06/04/18,15.437585,16.780907241948054,1.2902952669736574
156,06/05/18,15.568853,16.77224064683871,1.293537701481827
157,06/06/18,17.466237,16.764526623461542,1.294469247421844
158,06/07/18,19.255507,16.768996116305736,1.2893405335085528
159,06/08/18,18.115438,16.78473352696203,1.3200637271689544
160,06/09/18,19.659059,16.79310273748428,1.3228283417696876
161,06/10/18,20.230578,16.811014964125,1.3655754748869804
162,06/11/18,17.379242,16.83225448608696,1.4292724065468247
163,06/12/18,23.238882,16.835630952222225,1.422285221664188
164,13/06/18,20.633422,16.8749147009816,1.6635600379451627
165,14/06/18,20.985155,16.897832428414638,1.7390276027805007
166,15/06/18,24.083814,16.922604080363637,1.8291241389578585
167,16/06/18,24.730202,16.965743899156628,2.125177573149839
168,17/06/18,14.449607,17.012237660239524,2.4712891489984834
169,18/06/18,14.821283,16.996983906309527,2.495436155035962
170,19/06/18,14.827131,16.98410993644971,2.508514429419325
171,20/06/18,15.173491,16.97142182505883,2.520965463030236
172,21/06/18,15.201311,16.960907609707608,2.5250162580991558
173,22/06/18,15.280844,16.950677396860467,2.528232321604696
174,23/06/18,14.97395,16.941025180693643,2.5296426895743886
175,24/06/18,15.353031,16.929720150919543,2.5372145529849677
176,25/06/18,15.268708,16.920710498628576,2.5368404312970925
177,26/06/18,15.206908,16.91132412079546,2.537844780754732
178,27/06/18,15.561572,16.901694651186446,2.539826571200135
179,28/06/18,16.307815,16.894165872247196,2.535590687277834
180,29/06/18,18.737893,16.890890169050284,2.523335357371023
181,30/06/18,15.957843,16.901151295888894,2.5281638672034976
182,07/01/18,19.727285,16.89593964784531,2.5190851405905392
183,07/02/18,19.47919,16.911496490439568,2.5490487920663845
184,07/03/18,21.137725,16.925527602513668,2.570950286992986
185,07/04/18,23.917767,16.94841997967392,2.652880881650056
186,07/05/18,14.560373,16.986092125729737,2.899672053267433
187,07/06/18,22.210534,16.97305062505377,2.9155473554504736
188,07/07/18,27.146338,17.00105855754011,3.0458628296035437
189,07/08/18,26.600838,17.05502280989362,3.574231711071447
190,07/09/18,17.738379,17.105529768571433,4.034899572654736
191,07/10/18,14.580785,17.108860554000003,4.015760049981402
192,07/11/18,14.874969,17.095624556335082,4.028021538749054
193,07/12/18,15.943046,17.08405864197917,4.032592401505066
194,13/07/18,23.404297,17.07814665937824,4.018408835705917
195,14/07/18,28.453084,17.11075568175258,4.202921617759742
196,15/07/18,23.274125,17.168921468000004,4.8377203593835905
197,16/07/18,22.805736,17.200070465612246,5.002238822840331
198,17/07/18,22.963386,17.22852562060914,5.135547133393329
199,18/07/18,22.505587,17.257489561919193,5.2748752762128435
200,19/07/18,23.920421,17.283861910854274,5.38607752137111
201,20/07/18,23.612266,17.3170447063,5.578265618569275
202,21/07/18,21.178405,17.34836421522388,5.746695381149369
203,22/07/18,14.525081,17.367324813168317,5.790506753270501
204,23/07/18,14.417553,17.353323612118228,5.801580882891983
205,24/07/18,16.85976,17.338932579705883,5.815183429137331
206,25/07/18,14.781325,17.336595152487806,5.787931248166476
207,26/07/18,17.223395,17.3241909284466,5.791376773217795
208,27/07/18,20.116225,17.323703991594204,5.7634479517913295
209,28/07/18,19.714768,17.337129573365385,5.773050040307916
210,29/07/18,18.522242,17.348505833779903,5.772347005923171
211,30/07/18,19.858943,17.354095053619048,5.751388669316048
212,31/07/18,28.462929,17.365966370900477,5.753725819649979
213,08/01/18,28.384257,17.418310534245283,6.304706916572112
214,08/02/18,28.94163,17.469793850985916,6.837020116938166
215,08/03/18,27.531267,17.523400561962617,7.417165150153473
216,08/04/18,27.679697,17.56994877795349,7.8463482997482465
217,08/05/18,26.645269,17.61675316787037,8.281012560006014
218,08/06/18,25.979909,17.658359231612902,8.616761152475124
219,08/07/18,27.810437,17.69653147825688,8.893429854975356
220,08/08/18,28.282886,17.742713695251144,9.317770368529258
221,08/09/18,28.371568,17.79062356936364,9.778099839061174
222,08/10/18,19.367329,17.838501145972852,10.238152758642975
223,08/11/18,14.820208,17.84538775792793,10.20251597217644
224,08/12/18,20.156841,17.831821929417043,10.197619817583572
225,13/08/18,28.505605,17.84220147883929,10.176119644416787
226,14/08/18,28.456461,17.88959438337778,10.63401602373035
227,15/08/18,28.508394,17.936350430353986,11.07884163947299
228,16/08/18,28.436765,17.98292330951542,11.520237644280751
229,17/08/18,28.412706,18.028773492368426,11.946918599949212
230,18/08/18,28.631777,18.074118175807865,12.363548641829922
231,19/08/18,27.315548,18.120021040260873,12.79231379150064
232,20/08/18,27.857852,18.159828516277056,13.101401893478487
233,21/08/18,27.27257,18.20163034163793,13.448578025001556
234,22/08/18,27.463373,18.240561413133047,13.742484578049948
235,23/08/18,27.513564,18.279975137863246,14.045707926903258
236,24/08/18,27.88322,18.319267005361702,14.3472000562563
237,25/08/18,27.978427,18.359792229915254,14.67234588458116
238,26/08/18,27.191649,18.40037718675105,14.999161990398624
239,27/08/18,27.349454,18.437315303613445,15.25950890249283
240,28/08/18,25.567277,18.474604586861926,15.526598358463277
241,29/08/18,23.549468,18.504157388583334,15.67063917204714
242,30/08/18,27.905258,18.525092287385892,15.710800570082617
243,31/08/18,27.035202,18.563853302727274,16.00796223735091
244,09/01/18,27.183592,18.59871482,16.236194593089596
245,09/02/18,27.437932,18.633898742868855,16.470464560081627
246,09/03/18,27.993612,18.669833572489797,16.718318297214346
247,09/04/18,28.509623,18.707735110813008,17.00230667250989
248,09/05/18,29.128651,18.747418867449394,17.320872355854462
249,09/06/18,28.358155,18.789278674435486,17.683834258518576
250,09/07/18,24.194252,18.827707896626507,17.97906251314105
251,09/08/18,20.882627,18.84917407304,18.021884648812488
252,09/09/18,23.713312,18.85727547912351,17.96649250669869
253,09/10/18,21.732366,18.87654546531746,17.9884013258601
254,09/11/18,20.264609,18.887833293517787,17.949409521863597
255,09/12/18,20.503194,18.893253670314962,17.88617581785179
256,13/09/18,24.385373,18.899567161803922,17.82615843629385
257,14/09/18,24.408681,18.920996090859376,17.873620750020315
258,15/09/18,22.010224,18.942348950428016,17.920795408178947
259,16/09/18,17.901629,18.95423993899225,17.88767363238233
260,17/09/18,20.237196,18.950175804092662,17.822870691083686
261,18/09/18,19.524606,18.95512588176923,17.760667535097724
262,19/09/18,18.738415,18.957307797931033,17.693856797596144
263,20/09/18,19.579606,18.95647232923664,17.626505173097335
264,21/09/18,19.558671,18.958841658783268,17.56095503617536
265,22/09/18,28.063038,18.96111373962121,17.495793965499836
266,23/09/18,27.757175,18.99546062362264,17.741215129799492
267,24/09/18,28.056325,19.02839939947368,17.962034015278835
268,25/09/18,28.441948,19.062211854906362,18.19887352951607
269,26/09/18,28.041473,19.09721087037313,18.458023884335624
270,27/09/18,27.981282,19.13046091546468,18.685698248796687
271,28/09/18,27.640149,19.163241734296292,18.905554539386216
272,29/09/18,28.004961,19.194521834907743,19.099972412964842
273,30/09/18,27.728802,19.22691315536764,19.31408448690027
274,10/01/18,27.360897,19.258055605347977,19.5071367205688
275,10/02/18,27.284484,19.287628019197072,19.67468884234704
276,10/03/18,27.703421,19.3167074954909,19.83484328726136
277,10/04/18,23.0852,19.347094138623177,20.01689863526549
278,10/05/18,22.341155,19.36058910563176,19.994898964436306
279,10/06/18,27.972051,19.371310565683444,19.95481593590417
280,10/07/18,28.148652,19.40213759232974,20.147478247115778
281,10/08/18,27.789429,19.433375143785707,20.347766876910757
282,10/09/18,27.349315,19.463111990249104,20.52295330566693
283,10/10/18,27.160042,19.49107724914893,20.669934528703926
284,10/11/18,27.652172,19.51817606452296,20.80398140489191
285,10/12/18,25.652477,19.546816895281687,20.962872053034456
286,13/10/18,26.582354,19.56824026407017,21.019662963396538
287,14/10/18,24.987063,19.59276513727272,21.11758641894606
288,15/10/18,22.158729,19.611560600209053,21.14504103458136
289,16/10/18,20.32106,19.620404934930548,21.094070540874394
290,17/10/18,24.403795,19.62282934692041,21.02277347617817
291,18/10/18,18.75872,19.639315435379302,21.028828785409466
292,19/10/18,16.829069,19.6362893342268,20.959220382538454
293,20/10/18,18.559082,19.626675565958898,20.91433777177335
294,21/10/18,20.690126,19.623031901911258,20.846834455384315
295,22/10/18,17.524847,19.626661473673465,20.779786776010784
296,23/10/18,15.723789,19.619536678847453,20.72427105502381
297,24/10/18,19.779649,19.606375369121615,20.705356547525195
298,25/10/18,20.376212,19.606958782020197,20.6357422920153
299,26/10/18,20.301484,19.609540168657713,20.56847391108032
300,27/10/18,21.04424,19.611854362073572,20.50127896480204
301,28/10/18,22.202215,19.61662898086666,20.439757666653882
302,29/10/18,21.626732,19.62521896764119,20.39398785683985
303,30/10/18,21.185447,19.631846494238403,20.33967925247232
304,31/10/18,21.491031,19.636973888646857,20.280491230546517
305,11/01/18,21.233893,19.643072760723676,20.225049549245416
306,11/02/18,21.324807,19.648288564786874,20.16700811343486
307,11/03/18,21.853273,19.653767383202602,20.11025818078813
308,11/04/18,21.94190712,19.660931896612368,20.06045951104887
309,11/05/18,21.4604,19.668337660324664,20.01216566720186
310,11/06/18,20.910385,19.674137214821997,19.957760905385932
311,11/07/18,20.546998,19.678125110903213,19.89829515588036
312,11/08/18,20.767979,19.680918914405133,19.83673315421286
313,11/09/18,21.388985,19.684403081346144,19.776929240676544
314,11/10/18,18.613455,19.689849029968038,19.722997570424706
315,11/11/18,18.227616,19.686421023503172,19.663863610716533
316,11/12/18,19.638596,19.68178989644443,19.608173110952915
317,13/11/18,21.437083,19.68165320689872,19.54612781569209
318,14/11/18,21.24015,19.687190840315445,19.49415836779347
319,15/11/18,19.744813,19.69207435968552,19.4404160403649
320,16/11/18,20.222067,19.692239684576787,19.379482988969325
321,17/11/18,22.559675,19.693895394937485,19.31979660382752
322,18/11/18,21.754035,19.702823057258552,19.285115331018673
323,19/11/18,20.959304,19.709193280683216,19.238249767120113
324,20/11/18,21.132966,19.713063592507726,19.183511961315574
325,21/11/18,20.288914,19.717446007345664,19.130506986883795
326,22/11/18,19.956579,19.719204370399986,19.072645644826984
327,23/11/18,20.341271,19.719932513435566,19.014312909327813
328,24/11/18,19.831642,19.721832631131484,18.957342169233943
329,25/11/18,19.757753,19.72216741579267,18.899582044739333
330,26/11/18,21.661197,19.7222755786626,18.842140343949133
331,27/11/18,19.376444,19.7281510981212,18.796400597778305
332,28/11/18,19.445259,19.727088538912376,18.739986469607526
333,29/11/18,19.190298,19.726239654759024,18.683779247254428
334,30/11/18,19.339699,19.72463022036035,18.62853177472325
335,12/01/18,19.263633,19.72347773167664,18.573200028138853
336,12/02/18,18.694508,19.72210506083581,18.518386971224395
337,12/03/18,19.486543,19.719046736249986,18.466406096292424
338,12/04/18,18.790644,19.718356814183963,18.41176957249901
339,12/05/18,17.980875,19.715612101715962,18.35983565293739
340,12/06/18,17.394867,19.71049488312683,18.31452768871967
341,12/07/18,17.415146,19.70368421288234,18.276386023503406
342,12/08/18,16.963076,19.69697295712609,18.23810350785258
343,12/09/18,16.332576,19.68897910637426,18.206566182414225
344,12/10/18,15.708797,19.67919367457725,18.186233913540715
345,12/11/18,16.934774,19.667651823779057,18.179059466197465
346,12/12/18,17.113016,19.6597304387826,18.147951969258663
347,13/12/18,16.684536,19.652369992427737,18.114192019861097
348,14/12/18,16.250155,19.643817156714686,18.087299982945204
349,15/12/18,15.690329,19.634065253965506,18.068324546702847
350,16/12/18,16.132991,19.62276515008595,18.060989780126313
351,17/12/18,15.902052,19.61279436679999,18.044083317431216
352,18/12/18,15.828607,19.602222451225064,18.03179356227541
353,19/12/18,15.789766,19.591501952784082,18.02090698549384
354,20/12/18,14.875172,19.580732162549566,18.010684167846424
355,21/12/18,17.045798,19.567439619717504,18.022178697268796
356,22/12/18,17.772925,19.560336403887316,17.989273305709215
357,23/12/18,20.58741,19.55531558533707,17.94769069883478
358,24/12/18,19.041735,19.558206606106435,17.900392503808323
359,25/12/18,18.548771,19.55676394798882,17.851134418121603
360,26/12/18,19.027259,19.55395616818941,17.804232148324477
361,27/12/18,19.422334,19.552493120499992,17.755544390478878
362,28/12/18,25.190274,19.55213256891966,17.70640685606639
363,29/12/18,25.82193,19.56770754524861,17.745065469385363
364,30/12/18,26.1119,19.58493680820936,17.803639787294017
365,31/12/18,26.374412,19.602868025769222,17.871443557411318
366,01/01/19,20.472262,19.621420201041087,17.947763385813673
367,01/02/19,20.340721,19.62374490540983,17.900698332331164
368,01/03/19,20.509875,19.625698518746585,17.853319465011857
369,01/04/19,20.188164,19.628101172228252,17.806923606901247
370,01/05/19,25.425368,19.62961895766937,17.759514112887544
371,01/06/19,25.853889,19.645283144270262,17.802055753845103
372,01/07/19,28.891043,19.66201793094339,17.857691417520087
373,01/08/19,26.178637,19.68682713811827,18.038036168898593
374,01/09/19,26.541999,19.704231454101865,18.102359422528014
375,01/10/19,25.385797,19.722514255026727,18.17863667398898
376,01/11/19,27.159139,19.73761634234666,18.215459627015623
377,01/12/19,19.475141,19.757354434521268,18.31311136167721
378,13/01/19,19.019723,19.756605857771874,18.264746167519466
379,14/01/19,18.945952,19.754656432222212,18.217859431223925
380,15/01/19,19.761093,19.752522647440625,18.171512248707458
381,16/01/19,19.969277,19.752545200999993,18.123692672415203
382,17/01/19,20.164578,19.753114050866134,18.076246889508205
383,18/01/19,19.878526,19.75419118162303,18.029368911737137
384,19/01/19,19.604495,19.75451581561357,17.98233509939253
385,20/01/19,18.63718,19.75412513640624,17.93556455912094
386,21/01/19,20.553271,19.751223980207783,17.892210692747728
387,22/01/19,19.301255,19.75330182222797,17.84752002487781
388,23/01/19,19.456175,19.752133742583972,17.801929064355633
389,24/01/19,19.179602,19.75137096231958,17.756272973534678
390,25/01/19,19.414618,19.749901119228785,17.711465277807378
391,26/01/19,19.649466,19.74904141892307,17.666338768190013
392,27/01/19,18.684393,19.748786750332474,17.621181609972968
393,28/01/19,19.94651,19.746071460153054,17.579112381166524
394,29/01/19,20.622481,19.746581481882945,17.53448378319981
395,30/01/19,19.6765,19.748804577106593,17.491922283135327
396,31/01/19,19.482467,19.748621527544298,17.447652137397167
397,02/01/19,19.708209,19.747949420151507,17.403770842474696
398,02/02/19,19.561033,19.747849318337526,17.35993659683348
399,02/03/19,19.494101,19.747379930603007,17.316406134649228
400,02/04/19,20.968032,19.74674514631578,17.27316699506166
401,02/05/19,23.202187,19.749798363449994,17.23370360938659
402,02/06/19,19.996187,19.75840781142144,17.220375830154797
403,02/07/19,18.917204,19.75899930194029,17.17767936863297
404,02/08/19,20.010663,19.756910479851108,17.13680885151416
405,02/09/19,19.648617,19.75753858014851,17.09454999534566
406,02/10/19,19.474006,19.757269637975302,17.052370451201632
407,02/11/19,19.612974,19.756571944285707,17.010566683236487
408,02/12/19,18.310423,19.756219123783776,16.968822218917236
409,13/02/19,19.514423,19.752675505833327,16.93234276024945
410,14/02/19,19.143261,19.752092981369184,16.891081837776028
411,15/02/19,20.150782,19.750608025317064,16.85078596083705
412,16/02/19,19.928861,19.751581684622863,16.81017516671555
413,17/02/19,19.9025,19.752011974223294,16.76944986697649
414,18/02/19,20.130133,19.752376352009676,16.72890057386371
415,19/02/19,19.30279,19.75328880768115,16.688836455083624
416,20/02/19,19.869287,19.752203268385536,16.649110247099244
417,21/02/19,20.293867,19.752484719663453,16.609121221617873
418,22/02/19,19.857044,19.75378299851318,16.569992374343695
419,23/02/19,19.473362,19.754030034401907,16.53037669240808
420,24/02/19,20.011199,19.753360182291164,16.491112276768597
421,25/02/19,20.067627,19.75397408423809,16.452005634605264
422,26/02/19,20.064582,19.754719103040376,16.413160358689893
423,27/02/19,20.230484,19.755453375308058,16.37449359834037
424,28/02/19,20.226657,19.756576379148935,16.336315411661477
425,03/01/19,19.953208,19.75768505985849,16.29830630602263
426,03/02/19,19.647234,19.758145113835294,16.260047089464976
427,03/03/19,19.984173,19.75788475910798,16.221906773290026
428,03/04/19,20.022354,19.758414708149882,16.184035999691528
429,03/05/19,20.042468,19.759031388738318,16.146385217410806
430,03/06/19,19.983128,19.75969208013986,16.108934783450582
431,03/07/19,20.211118,19.76021169855814,16.071587975835254
432,03/08/19,20.252092,19.76125788487239,16.034769546101717
433,03/09/19,19.415632,19.762394074953704,15.998208413929532
434,03/10/19,19.688338,19.761593238752887,15.961538108671048
435,03/11/19,19.755343,19.761424447880184,15.924772707418771
436,03/12/19,19.69277,19.761410467540234,15.888164119353425
437,13/03/19,20.004815,19.76125303527523,15.851734157399754
438,14/03/19,20.402046,19.761810385308927,15.815595604823079
439,15/03/19,20.220641,19.763272110456622,15.780420650916684
440,16/03/19,19.63398,19.764313953029614,15.744949783362776
441,17/03/19,19.927306,19.7640177395,15.7092043255202
442,18/03/19,20.600568,19.7643880076644,15.673642870350236
443,19/03/19,19.104647,19.76627981760181,15.639760454548458
444,20/03/19,20.705547,19.76478628979684,15.605442191261258
445,21/03/19,20.429754,19.766905120225225,15.572283621914814
446,22/03/19,19.972008,19.768394668269664,15.53827485263449
447,23/03/19,20.093235,19.76885120040359,15.503528418957792
448,24/03/19,19.669461,19.76957689123043,15.469079785911111
449,25/03/19,19.657786,19.76935341825893,15.434572913215955
450,26/03/19,20.319161,19.769104938485526,15.400225132933892
451,27/03/19,20.542486,19.77032728528889,15.366673275553023
452,28/03/19,20.867347,19.77203938886918,15.333919913667126
453,29/03/19,20.357514,19.77446263579646,15.302643640765634
454,30/03/19,19.982937,19.77574972490066,15.269611752936655
455,31/03/19,20.001069,19.776206084537446,15.23607259051842
456,04/01/19,20.199844,19.776700288747254,15.202697600654753
457,04/02/19,20.347311,19.777628235482457,15.169750145270733
458,04/03/19,19.104219,19.778874806083152,15.137264539487656
459,04/04/19,20.231865,19.777401758471616,15.105205373804406
460,04/05/19,20.507361,19.77839187446623,15.072745420629614
461,04/06/19,20.813639,19.779976589956522,15.041131280100672
462,04/07/19,20.269869,19.782218807765727,15.010816766004295
463,04/08/19,20.20242,19.783274327662337,14.978839430981582
464,04/09/19,21.955244,19.784179609892007,14.94686635153994
465,04/10/19,20.266535,19.78885862797414,14.924789833835026
466,04/11/19,20.492154,19.78988588898925,14.893183154661367
467,04/12/19,20.367593,19.791392902103006,14.862279590321926
468,13/04/19,20.180531,19.792626735289083,14.831163992950836
469,14/04/19,20.864748,19.79345559055556,14.799794301090017
470,15/04/19,20.112385,19.795739796119406,14.770680070969252
471,16/04/19,20.081213,19.79641350931915,14.739465966258862
472,17/04/19,20.13478,19.797018179150747,14.708343827350095
473,18/04/19,20.460807,19.797733776228817,14.677423271246063
474,19/04/19,19.938873,19.799135622367867,14.647320339538249
475,20/04/19,17.905317,19.799430426962026,14.616459928145714
476,21/04/19,19.781721,19.795442819747368,14.59322551291559
477,22/04/19,20.007795,19.79541399239496,14.562567870856457
478,23/04/19,19.931881,19.795859235597483,14.532132741423197
479,24/04/19,20.240751,19.79614379995816,14.501769416050859
480,25/04/19,20.539625,19.797071998705636,14.471906145617535
481,26/04/19,20.106815,19.798618984124996,14.442902666649717
482,27/04/19,18.132285,19.79925972428274,14.413072904994788
483,28/04/19,18.462119,19.795801270497922,14.388923458254897
484,29/04/19,19.077779,19.793040023561073,14.36280772805675
485,30/04/19,19.999071,19.79156221152892,14.334187342896463
486,05/01/19,20.185373,19.791990064701025,14.30472091768224
487,05/02/19,20.369013,19.79279949460905,14.275605096283467
488,05/03/19,20.469339,19.793982684558515,14.246972108886082
489,05/04/19,19.512998,19.795366611434417,14.21871022241102
490,05/05/19,19.782228,19.79478917051124,14.189795823145406
491,05/06/19,20.421205,19.79476353546938,14.160837377508386
492,05/07/19,21.102816,19.79603938366598,14.132794184609736
493,05/08/19,20.584814,19.79869543369918,14.107532802651013
494,05/09/19,20.912801,19.800289994685592,14.080168088824713
495,05/10/19,20.527875,19.802542041255055,14.054166079151695
496,05/11/19,19.323935,19.80400736036363,14.026834521530764
497,05/12/19,19.812888,19.803039472540316,13.999018332606317
498,13/05/19,20.452955,19.803059288490942,13.970851488472967
499,14/05/19,20.650861,19.804364299959836,13.943643988123599
500,15/05/19,20.02449,19.806060686132263,13.917133921369597
501,16/05/19,20.348257,19.806497544759996,13.889394885411699
502,17/05/19,20.147794,19.80757890095808,13.86225620794062
503,18/05/19,19.699048,19.808256620278883,13.83487226279188
504,19/05/19,18.581808,19.808039505725645,13.807391210205727
505,20/05/19,19.467427,19.80560650670635,13.782973093291806
506,21/05/19,19.86175,19.80493684431683,13.755906094914309
507,22/05/19,19.752886,19.805049123280632,13.728726876062197
508,23/05/19,19.688003,19.804946237435896,13.701653875566162
509,24/05/19,19.558907,19.804716034212596,13.674708983685276
510,25/05/19,19.262407,19.804233108801572,13.647961624923362
511,26/05/19,19.264142,19.803170704666666,13.621775425450728
512,27/05/19,21.768643,19.8021158539726,13.595685812777917
513,28/05/19,20.014,19.805956727304686,13.576670168288885
514,29/05/19,20.18917,19.806362269746586,13.550289130208284
515,30/05/19,19.718861,19.8071070318677,13.524211246020418
516,31/05/19,19.400419,19.80693568034951,13.497965733389394
517,06/01/19,19.345511,19.806147857325577,13.472126527604168
518,06/02/19,19.292669,19.8052568769439,13.446477880347524
519,06/03/19,20.06834,19.80426732505791,13.421025681928493
520,06/04/19,20.579418,19.80477613560693,13.395300391625515
521,06/05/19,19.573544,19.806265831499992,13.370691960174819
522,06/06/19,19.831005,19.805819148522065,13.345132197291544
523,06/07/19,20.354155,19.805867397279687,13.319568022798494
524,06/08/19,20.101837,19.806915748336515,13.29467409636372
525,06/09/19,18.371495,19.80747857515267,13.269468253727704
526,06/10/19,20.211063,19.80474336834285,13.248113306798812
527,06/11/19,20.422515,19.805515839125473,13.223240052932308
528,06/12/19,19.9361,19.80668661552182,13.198869513166738
529,13/06/19,20.274312,19.806931716628785,13.173903313529516
530,14/06/19,21.745527,19.80781523323251,13.149412062258259
531,15/06/19,20.806016,19.811471293169806,13.131672874406302
532,16/06/19,19.685235,19.813344258719393,13.108802033637007
533,17/06/19,21.424464,19.813103451842103,13.084192219913207
534,18/06/19,21.486822,19.816126642363976,13.064506327129564
535,19/06/19,22.232968,19.819255285355805,13.045258180390933
536,20/06/19,20.642232,19.82376689790654,13.031743902170122
537,21/06/19,20.514958,19.825293885037315,13.008678401116931
538,22/06/19,21.423021,19.82657817575419,12.98533775393097
539,23/06/19,18.356469,19.829545541598513,12.96592986305224
540,24/06/19,25.263693,19.826812561001855,12.945892754971988
541,25/06/19,25.028653,19.836880858111112,12.976557636500479
542,26/06/19,25.467245,19.846477479445472,13.002302769338733
543,27/06/19,24.780598,19.856847899225095,13.036495453899803
544,28/06/19,24.303976,19.865915578968693,13.057051941214606
545,29/06/19,24.530587,19.874073778272056,13.069190032718431
546,30/06/19,17.092174,19.882617839229354,13.084922399358057
547,07/01/19,21.146089,19.877507136227102,13.075192350440156
548,07/02/19,25.685446,19.879826298683724,13.054225559850043
549,07/03/19,27.617626,19.890420495218972,13.091797619485707
550,07/04/19,27.774042,19.904495550783235,13.176513733232156
551,07/05/19,27.417811,19.91880381705454,13.264951275081446
552,07/06/19,21.3371,19.932413630453713,13.342751814766299
553,07/07/19,21.234889,19.934958352137674,13.322148223183245
554,07/08/19,23.26764,19.937309040470154,13.301107745306696
555,07/09/19,25.072692,19.943320468194937,13.29708243214935
556,07/10/19,20.969665,19.952562579063052,13.320444528831803
557,07/11/19,22.16353,19.95439189996402,13.298344155089218
558,07/12/19,24.999098,19.95835803658886,13.283215223754253
559,13/07/19,19.695824,19.96739162075268,13.30486452161495
560,14/07/19,19.863353,19.966905811055447,13.281195027018951
561,15/07/19,25.719748,19.966720895321423,13.257497721678083
562,16/07/19,27.313668,19.976975845597142,13.292757661319072
563,17/07/19,26.888408,19.990030457971525,13.364712316897306
564,18/07/19,23.408282,20.002283348809943,13.42534886277383
565,19/07/19,23.109781,20.008322353510632,13.422077425020774
566,20/07/19,21.261432,20.01381166084955,13.415316262987412
567,21/07/19,22.875462,20.01601593706713,13.394359531799845
568,22/07/19,20.976071,20.02105905181657,13.385131404357862
569,23/07/19,18.764586,20.022740410880274,13.363168923193822
570,24/07/19,23.995854,20.020529243198585,13.342460665914462
571,25/07/19,24.930833,20.027503497157888,13.346729124391143
572,26/07/19,22.241488,20.03609076423817,13.365387276561057
573,27/07/19,22.286422,20.03994635381118,13.350509455904342
574,28/07/19,23.443281,20.043866904677127,13.336002188803096
575,29/07/19,25.437209,20.049789228885007,13.332866093977811
576,30/07/19,27.28878,20.059158654573903,13.360067743833481
577,31/07/19,23.635689,20.071710080520823,13.427457700426324
578,08/01/19,23.001705,20.077886820415937,13.42616216189474
579,08/02/19,25.474764,20.082945329377157,13.417698079584893
580,08/03/19,24.664564,20.09225762414507,13.444647648311152
581,08/04/19,24.106009,20.100140910999993,13.457449877869117
582,08/05/19,26.723755,20.107035692564537,13.46185936097264
583,08/06/19,27.690931,20.11840462608247,13.513824807691716
584,08/07/19,27.617938,20.13139352209262,13.588835051462526
585,08/08/19,27.46239,20.144212947568487,13.661375359629005
586,08/09/19,25.98266,20.156722651931616,13.729414319936188
587,08/10/19,26.910017,20.166664524539243,13.763807171364071
588,08/11/19,24.614836,20.178152348177164,13.817693932851235
589,08/12/19,27.186959,20.18569772853741,13.827613986299914
590,13/08/19,23.876765,20.197584419999995,13.887218101023844
591,14/08/19,27.757909,20.203820319288134,13.886584556345305
592,15/08/19,23.157382,20.216602195228422,13.959479845372984
593,16/08/19,26.168356,20.22156972868243,13.950483388603924
594,17/08/19,26.957899,20.23159803605396,13.986493755159634
595,18/08/19,16.995476,20.2429217750505,14.03898611883959
596,19/08/19,20.713829,20.237463882991594,14.03308560410774
597,20/08/19,26.927468,20.238263153322144,14.009920264134719
598,21/08/19,26.925489,20.249467851557785,14.061278037493086
599,22/08/19,26.802099,20.260631766521737,14.112170094022447
600,23/08/19,27.036785,20.27155241298831,14.159928335126978
601,24/08/19,24.82907,20.28282780063333,14.212481940129155
602,25/08/19,20.325966,20.29039226352745,14.223166542982314
603,26/08/19,25.884711,20.290451356112953,14.199542119137798
604,27/08/19,26.0687,20.299728735290216,14.227807954587472
605,28/08/19,26.066085,20.30928001221854,14.259261796402564
606,29/08/19,25.439035,20.318795392363636,14.290380414060522
607,30/08/19,26.165893,20.327244632640262,14.309989673286326
608,31/08/19,25.168506,20.33686349321252,14.342483353582539
609,09/01/19,25.306342,20.344810273651312,14.357226593644455
610,09/02/19,25.98419,20.352957287980292,14.374006805151623
611,09/03/19,27.14934,20.36218881701639,14.402342526731099
612,09/04/19,27.360609,20.37329708409165,14.454040865791542
613,09/05/19,27.144745,20.384714260424833,14.510068172281994
614,09/06/19,26.924414,20.39574204303425,14.560824125427654
615,09/07/19,25.342132,20.406375059250806,14.606415841912096
616,09/08/19,25.503502,20.414400680292676,14.622213676418571
617,09/09/19,25.819545,20.422662208409083,14.640451817347456
618,09/10/19,24.291162,20.431409182139376,14.663853252771787
619,09/11/19,28.792003,20.437654736860832,14.664192625368521
620,09/12/19,29.528033,20.451151260710816,14.753074996314993
621,13/09/19,22.695624,20.46579139254838,14.861952125939814
622,14/09/19,23.60881,20.469382105281795,14.846013631000956
623,15/09/19,23.072421,20.474429417009638,14.837965637759638
624,16/09/19,28.534155,20.47859954796147,14.824965253590165
625,17/09/19,30.137351,20.49150909195512,14.905034187628289
626,18/09/19,29.79473,20.506942439007993,15.029815570510793
627,19/09/19,29.821611,20.52177916035143,15.143386468101323
628,20/09/19,21.310192,20.536611428038267,15.256951935696772
629,21/09/19,20.435174,20.53784324423566,15.233608817952419
630,22/09/19,22.987933,20.537680018092203,15.209406775659048
631,23/09/19,22.904539,20.541569308539675,15.19477947907834
632,24/09/19,22.492375,20.545314109952447,15.179533833169385
633,25/09/19,23.001371,20.54839490249999,15.16150458283031
634,26/09/19,29.977328,20.552270062211683,15.147043416128776
635,27/09/19,29.872029,20.567136084195578,15.263044300349645
636,28/09/19,28.986412,20.581789458866133,15.375141370888358
637,29/09/19,20.502284,20.595004274182383,15.461857523645211
638,30/09/19,26.246761,20.594858716452112,15.437598066862538
639,10/01/19,25.808639,20.60371749746081,15.463391691300332
640,10/02/19,26.984895,20.611862914522685,15.481522238874469
641,10/03/19,29.102069,20.621820777156245,15.52069497941444
642,10/04/19,29.636844,20.63505049357254,15.608497980447998
643,10/05/19,24.272993,20.64907197878504,15.710207590786576
644,10/06/19,24.768932,20.654707936827368,15.70616742237349
645,10/07/19,28.102433,20.661096483509315,15.708022062601964
646,10/08/19,29.453642,20.672633439348836,15.769385809451988
647,10/09/19,30.136059,20.686226331857583,15.864149534262046
648,10/10/19,28.434764,20.700831946491498,15.977437273531484
649,10/11/19,30.075484,20.712767026820988,16.04494338870809
650,10/12/19,25.379554,20.72719340120185,16.155082765704798
651,13/10/19,29.487852,20.734350879046154,16.163476730639644
652,14/10/19,30.091485,20.74779711732719,16.256168901886983
653,15/10/19,30.054574,20.762127926963192,16.364933367737553
654,16/10/19,29.389795,20.776358319111793,16.471904861613407
655,17/10/19,24.520218,20.789528711590215,16.55998734517973
656,18/10/19,30.108237,20.79522442042748,16.5559214006019
657,19/10/19,22.72321,20.80942108594512,16.662695894781987
658,20/10/19,22.910579,20.812334006666667,16.64290033526509
659,21/10/19,22.962568,20.815522828844983,16.624287935244727
660,22/10/19,22.770673,20.81878086400607,16.606045932032412
661,23/10/19,21.072907,20.821738276333335,16.586649059954595
662,24/10/19,25.039837,20.82211825927383,16.561651089043806
663,25/10/19,29.89225,20.828489435619336,16.5634647271963
664,26/10/19,29.811513,20.842160266033186,16.66220436778097
665,27/10/19,28.648024,20.855668327379522,16.758086785750216
666,28/10/19,29.385751,20.86738615545865,16.824058831853637
667,29/10/19,29.182959,20.880176493063065,16.907586651719477
668,30/10/19,28.917758,20.89262444284858,16.985435614367233
669,31/10/19,28.790738,20.904638115838324,17.056275317459303
670,11/01/19,29.336976,20.916426008041856,17.12360167855075
671,11/02/19,29.447331,20.92899399310448,17.20371545637464
672,11/03/19,28.082475,20.94168898119225,17.286055560279006
673,11/04/19,29.527433,20.952315150863097,17.336098551651464
674,11/05/19,29.45277,20.965056782139673,17.41943775905884
675,11/06/19,29.477182,20.977649828456972,17.500320476779756
676,11/07/19,29.907592,20.99024172797037,17.581260775155034
677,11/08/19,29.852473,21.003433074526626,17.67271083912115
678,11/09/19,29.975415,21.016504034534712,17.76210098877628
679,11/10/19,28.519448,21.029717767522126,17.854109254323475
680,11/11/19,29.897494,21.040748298055966,17.91030856802445
681,11/12/19,28.380159,21.053772924088236,17.999156038701255
682,13/11/19,30.005215,21.06453120026432,18.05142910420763
683,14/11/19,29.37353,21.077640707302052,18.14199683110713
684,15/11/19,29.205495,21.089786958096635,18.21605103077578
685,16/11/19,30.041554,21.101652028333334,18.28557204326805
686,17/11/19,30.064752,21.11470298011679,18.375381679750017
687,18/11/19,29.987057,21.127749698804667,18.465193964016407
688,19/11/19,29.469335,21.14064534262009,18.55239612620213
689,20/11/19,29.094903,21.152750996191862,18.62610811900889
690,21/11/19,28.994765,21.16427806731495,18.69049145802424
691,22/11/19,29.214091,21.17562659910145,18.75213952993012
692,23/11/19,29.388956,21.18725968795948,18.818378687996585
693,24/11/19,29.387442,21.199111850260117,18.88825186122072
694,25/11/19,28.941312,21.21092762248196,18.957607917982635
695,26/11/19,28.848887,21.222066504870316,19.01627524775755
696,27/11/19,28.630551,21.233040347309352,19.072488801844987
697,28/11/19,28.75367,21.243668954568967,19.123598068826865
698,29/11/19,28.868309,21.254443704992827,19.17696334751639
699,30/11/19,28.883241,21.26535182146132,19.232423130401173
700,12/01/19,28.411343,21.276250089241774,19.287811958169293
701,12/02/19,29.491208,21.286443079114285,19.332881973822445
702,12/03/19,28.878155,21.298147451326674,19.401197599800508
703,12/04/19,29.9492,21.30894518287749,19.455290861839636
704,12/05/19,28.824926,21.321235730270267,19.53365859865564
705,12/06/19,29.290698,21.331894381221588,19.585777533101584
706,12/07/19,22.444468,21.343183464368792,19.647716440780126
707,12/08/19,20.681037,21.34474335747875,19.6216022669862
708,12/09/19,22.021117,21.34380459318246,19.5944711224291
709,12/10/19,22.062661,21.344761249124293,19.567442355506884
710,12/11/19,28.566589,21.345773801664315,19.540569592157926
711,12/12/19,29.02279,21.35594396391549,19.586381093107523
712,13/12/19,29.033424,21.366727151026723,19.641390198610416
713,14/12/19,28.919358,21.377494983679775,19.696241738872732
714,15/12/19,28.990767,21.388072631669,19.748280561938508
715,16/12/19,27.975947,21.398720662997196,19.801462252930822
716,17/12/19,28.940811,21.407919580951045,19.834186645475977
717,18/12/19,28.57292,21.418440379022343,19.88562660980028
718,19/12/19,28.783641,21.42841873274756,19.92918248442899
719,20/12/19,26.901063,21.438662774902507,19.97666822942802
720,21/12/19,28.511884,21.446259993574408,19.990325599303848
721,22/12/19,28.871255,21.45607336025,20.03180251519511
722,23/12/19,29.392762,21.46635793950069,20.08017540591921
723,24/12/19,25.795678,21.47733633847645,20.139262229600856
724,25/12/19,25.219431,21.483309148520053,20.137164055107917
725,26/12/19,26.355139,21.488469537817675,20.128603506200136
726,27/12/19,27.250812,21.49518218535172,20.133463092284522
727,28/12/19,27.311534,21.503110050110188,20.15129805318842
728,29/12/19,27.449121,21.511099629133422,20.169922652729444
729,30/12/19,27.470946,21.5192562518956,20.190584384800662
730,31/12/19,27.326738,21.527420435363506,20.21141214308028
731,01/01/20,25.691538,21.535364705999996,20.229733513935326
732,01/02/20,26.296077,21.54105030558139,20.225657470978696
733,01/03/20,26.911667,21.54754624368852,20.2288729532663
734,01/04/20,26.380951,21.55486428019099,20.240476860092386
735,01/05/20,26.217026,21.56143933021798,20.244589808873624
736,01/06/20,26.62961,21.567773461741492,20.246495126333063
737,01/07/20,26.988717,21.57465095703804,20.253751758475367
738,01/08/20,27.308968,21.581997043934866,20.26598864742986
739,01/09/20,27.235152,21.589757167181567,20.282909739142227
740,01/10/20,27.216149,21.597396402408652,20.29853145305318
741,01/11/20,26.449785,21.604989311324317,20.313706029570987
742,01/12/20,26.708035,21.611527497138994,20.31792554787195
743,13/01/20,27.012984,21.618396105633416,20.325501635828964
744,14/01/20,27.039609,21.625656654616414,20.337260598473083
745,15/01/20,26.861818,21.63293347228494,20.34926896279501
746,16/01/20,26.995409,21.63995210923489,20.35860488870004
747,17/01/20,27.480656,21.647131005871305,20.36970926852398
748,18/01/20,26.302568,21.654940276278438,20.387935170819162
749,19/01/20,26.05027,21.661153682326194,20.38951756478879
750,20/01/20,27.119314,21.6670136507076,20.38798098855707
751,21/01/20,27.640818,21.674283384506655,20.400380937008002
752,22/01/20,27.109307,21.682228170945397,20.420556371811703
753,23/01/20,26.887264,21.689445031090415,20.43251576247134
754,24/01/20,26.395239,21.696347845126155,20.44121287627397
755,25/01/20,26.164259,21.702579796259936,20.4433469372143
756,26/01/20,25.165723,21.70848930513906,20.44260106707788
757,27/01/20,26.723657,21.713062365581997,20.43134981524602
758,28/01/20,27.037382,21.71968138095111,20.437481312699568
759,29/01/20,25.666973,21.726696817123994,20.447775709232342
760,30/01/20,25.667517,21.731888221844514,20.44126391097115
761,31/01/20,26.958923,21.737066680763142,20.43472118659817
762,02/01/20,19.995758,21.74392851561102,20.44365315863037
763,02/02/20,15.30336,21.741634328582663,20.420829584303487
764,02/03/20,20.440904,21.733196223302738,20.448321353515986
765,02/04/20,24.599336,21.731504741335065,20.42373956287185
766,02/05/20,26.059812,21.735253540366,20.40777873364611
767,02/06/20,25.944099,21.740899178041758,20.405519741801395
768,02/07/20,25.936837,21.74637922996087,20.401919135866915
769,02/08/20,25.571917,21.75183555518228,20.398188865927068
770,02/09/20,21.199974,21.75680315133939,20.390615207613966
771,02/10/20,25.914874,21.75607999659739,20.364536039850968
772,02/11/20,26.057686,21.76147402254214,20.36052644047373
773,02/12/20,26.402736,21.767039063963715,20.35803032948562
774,13/02/20,26.330564,21.773036084579545,20.359458344211607
775,14/02/20,26.425499,21.778924363540035,20.359955458371665
776,15/02/20,25.937664,21.784919943716115,20.361507511898203
777,16/02/20,25.134929,21.79027141801545,20.35746312063788
778,17/02/20,24.458969,21.794575996628044,20.34564185149837
779,18/02/20,25.18476,21.798000666298186,20.328603578437974
780,19/02/20,25.474207,21.80234823925544,20.3172130919459
781,20/02/20,26.157859,21.807055750487166,20.30842853854919
782,21/02/20,26.197225,21.812626561306,20.306631896904634
783,22/02/20,18.480513,21.81823346468029,20.305216919349544
784,23/02/20,17.40545,21.813970731008922,20.293493973203443
785,24/02/20,18.010096,21.80834761783161,20.292367406177288
786,25/02/20,17.532929,21.803509080738834,20.284871826514685
787,26/02/20,17.908383,21.798075772748074,20.282237957586684
788,27/02/20,20.861254,21.793133342287152,20.275666480296664
789,28/02/20,23.273157,21.791950754289324,20.251036569889227
790,29/02/20,17.830132,21.793828075259807,20.22814703208555
791,03/01/20,17.782679,21.78881073845568,20.22240380720803
792,03/02/20,18.16211,21.7837460965613,20.217102161286437
793,03/03/20,17.924224,21.779173323712104,20.208115526103875
794,03/04/20,17.627651,21.7743121013619,20.20134853870978
795,03/05/20,17.79063,21.769089606272022,20.197534677039247
796,03/06/20,18.156871,21.76408525456602,20.192013540624885
797,03/07/20,18.056578,21.759553578366813,20.182972880336848
798,03/08/20,18.06796,21.75490743585945,20.174832166034967
799,03/09/20,18.152327,21.75028720097742,20.166563638047023
800,03/10/20,18.09396,21.745784121877325,20.157505505469267
801,03/11/20,18.803488,21.741219341724978,20.148957560641012
802,03/12/20,18.527483,21.737551762022452,20.13456371983159
803,13/03/20,18.710345,21.733549182518683,20.1222908135743
804,14/03/20,17.554636,21.72978429561642,20.10859976836109
805,15/03/20,17.355628,21.724591325099485,20.105243527191988
806,16/03/20,17.575758,21.71916404146582,20.10395021713698
807,17/03/20,17.472216,21.714023339181125,20.100280940946426
808,18/03/20,17.615816,21.70876707234199,20.09764197253321
809,19/03/20,17.440879,21.703701538836615,20.093475974423374
810,20/03/20,17.37653,21.698432289715683,20.09107265940396
811,21/03/20,17.262432,21.693096607876527,20.089300692054415
812,22/03/20,15.452328,21.687633396276187,20.088705479375218
813,23/03/20,15.664094,21.679954448743825,20.11178731105311
814,24/03/20,15.799845,21.672554866396048,20.131509666247357
815,25/03/20,19.485699,21.665340235110552,20.149095467318983
816,26/03/20,21.933755,21.662665828687103,20.130194744864937
817,27/03/20,25.41407,21.66299804580881,20.105615338655944
818,28/03/20,24.628566,21.667589321150533,20.098207386713113
819,29/03/20,23.862526,21.671209097041547,20.084342420250977
820,30/03/20,23.376623,21.673884697655662,20.065675343645456
821,31/03/20,21.820096,21.67596120778047,20.044736449290973
822,04/01/20,22.942504,21.676136767819713,20.020346696653608
823,04/02/20,24.338998,21.677677360559592,19.997939626475905
824,04/03/20,24.712778,21.680911042989045,19.98223620248274
825,04/04/20,24.153984,21.68459049317959,19.96912798092824
826,04/05/20,24.201555,21.687583697430284,19.952305417184558
827,04/06/20,25.027803,21.690627246222743,19.935792214882643
828,04/07/20,24.793963,21.694662525247868,19.925136209273695
829,04/08/20,23.675059,21.69840564176327,19.912659066979874
830,04/09/20,22.098423,21.70079002458382,19.89334638463169
831,04/10/20,22.3749,21.701269100457814,19.8695687642728
832,04/11/20,21.923092,21.7020797272924,19.84620373871479
833,04/12/20,21.380922,21.702345367043254,19.822408767532504
834,13/04/20,21.847458,21.701959504657847,19.798736234745157
835,14/04/20,22.219905,21.702133963285355,19.775022095888968
836,15/04/20,23.262554,21.702754048359267,19.751660112282334
837,16/04/20,23.387102,21.704619837775105,19.730940501658683
838,17/04/20,22.90951,21.706629971780156,19.71074507000987
839,18/04/20,20.875017,21.70806538947493,19.688948469361904
840,19/04/20,20.631125,21.70707248317043,19.66630746103157
841,20/04/20,21.693767,21.70579159330951,19.644271719787874
842,21/04/20,22.135949,21.70577729533887,19.620913661166146
843,22/04/20,23.970508,21.70628818809975,19.597830423948462
844,23/04/20,23.377874,21.708974095349927,19.580656971336662
845,24/04/20,24.0367,21.7109514649052,19.560753262673806
846,25/04/20,20.77872,21.71370383003549,19.54399817590061
847,26/04/20,20.060045,21.712598648203297,19.52192862892586
848,27/04/20,23.230014,21.7106475813223,19.502100743080042
849,28/04/20,23.393912,21.712439287004702,19.48182203000657
850,29/04/20,24.282907,21.714419820235555,19.462201533236172
851,30/04/20,24.856075,21.71744156985881,19.447057019746993
852,05/01/20,23.859332,21.72112974075204,19.435767227705387
853,05/02/20,22.083369,21.723639367816887,19.41831508637146
854,05/03/20,21.171547,21.724061090715107,19.395701884279642
855,05/04/20,23.873772,21.723414118711933,19.373347332142636
856,05/05/20,24.316886,21.725929157169578,19.356090353724756
857,05/06/20,22.071015,21.7289559759112,19.341311293737544
858,05/07/20,22.322868,21.729355111295206,19.31887903767498
859,05/08/20,22.752858,21.730046851258727,19.296772939720174
860,05/09/20,23.155953,21.731237551082643,19.27552515374259
861,05/10/20,22.10882,21.732894196953477,19.255469256890958
862,05/11/20,23.793819,21.733330812288028,19.233269125436347
863,05/12/20,25.214445,21.735721169814376,19.21587633789903
864,13/05/20,24.053607,21.739752136013895,19.207616338513866
865,14/05/20,22.356632,21.74243020877314,19.19157480069143
866,15/05/20,23.673013,21.74314026864739,19.169823624875935
867,16/05/20,23.544347,21.7453687590993,19.15198330666737
868,17/05/20,22.63149,21.747443705167232,19.13362183794967
869,18/05/20,23.948415,21.748462191682016,19.11247784673334
870,19/05/20,22.822269,21.750993782945905,19.096047173696274
871,20/05/20,24.098431,21.752225133770104,19.075415293582896
872,21/05/20,25.518881,21.75491882592421,19.059827402327784
873,22/05/20,25.640273,21.759235296307327,19.05419820142674
874,23/05/20,23.646607,21.763680929415795,19.049605992705498
875,24/05/20,21.021595,21.765835307070926,19.031861997351637
876,25/05/20,23.486477,21.764984746719986,19.010743595769966
877,26/05/20,24.903829,21.766949920525096,18.99242100324808
878,27/05/20,25.68544,21.77052674957809,18.981972165478137
879,28/05/20,26.041785,21.774985648496568,18.977788927881786
880,29/05/20,26.061262,21.779839800204762,18.976886852895152
881,30/05/20,23.758979,21.78470505270453,18.97612873812237
882,31/05/20,23.280852,21.786945999296236,18.95900865258139
883,06/01/20,23.19376,21.78863977027209,18.94004064368308
884,06/02/20,24.100017,21.79023107291051,18.920824433314795
885,06/03/20,24.916463,21.792843952918535,18.905449152095574
886,06/04/20,23.390819,21.796373465966084,18.89509945937808
887,06/05/20,20.949828,21.798173065891632,18.876639287524302
888,06/06/20,24.175185,21.797216645298743,18.856168305211558
889,06/07/20,21.367902,21.799894537590074,18.84129465346339
890,06/08/20,24.702475,21.799408606726644,18.820310528582095
891,06/09/20,25.883483,21.802670479078635,18.80862290445085
892,06/10/20,26.118932,21.807250515577987,18.80618263246003
893,06/11/20,24.541331,21.812084239215235,18.80591757989714
894,06/12/20,23.185145,21.815140506584534,18.793190288736504
895,13/06/20,23.797067,21.816672950089472,18.774265929193756
896,14/06/20,23.385772,21.818885680871496,18.757666278450543
897,15/06/20,26.080186,21.820634437924095,18.739468428400446
898,16/06/20,26.51404,21.825383101872898,18.73878178838112
899,17/06/20,24.846828,21.830604323363012,18.742367803084687
900,18/06/20,25.462266,21.83395941087874,18.731628223296035
901,19/06/20,26.497848,21.83799086264443,18.725426393449794
902,20/06/20,25.522373,21.843162735160917,18.72871689507029
903,21/06/20,24.53174,21.847241682239453,18.72294401699254
904,22/06/20,26.6837,21.85021454859356,18.710181676512306
905,23/06/20,26.33776,21.855561324535383,18.71529954860156
906,24/06/20,26.302092,21.860514030254127,18.716794141316175
907,25/06/20,26.554947,21.865416434194245,18.717885803910754
908,26/06/20,26.759859,21.870586809680248,18.721468565200514
909,27/06/20,26.241581,21.875971470682806,18.727148286469866
910,28/06/20,24.177759,21.88077412143013,18.727489795576734
911,29/06/20,26.382162,21.883298280637344,18.712701720611054
912,30/06/20,25.750081,21.888236660131707,18.714353593221865
913,07/01/20,26.29546,21.892471138574546,18.710168434466972
914,07/02/20,26.626541,21.897293689353763,18.710885749737535
915,07/03/20,26.347562,21.902467920547032,18.714857767414294
916,07/04/20,25.377572,21.907325946863374,18.715975154544097
917,07/05/20,23.365304,21.911114425087323,18.70867546629425
918,07/06/20,25.85443,21.912700237055603,18.690576977507206
919,07/07/20,26.530963,21.916994060326783,18.687123525933746
920,07/08/20,20.84938,21.922014701175176,18.68992920685801
921,07/09/20,20.946413,21.920848793891288,18.670863299687017
922,07/10/20,20.916151,21.919790774571105,18.651620770745495
923,07/11/20,21.132521,21.918702228177864,18.63248257065648
924,07/12/20,21.254198,21.917850460866728,18.612964616928814
925,13/07/20,21.119433,21.917132222272713,18.593296860771968
926,14/07/20,20.828454,21.916269844735123,18.573883173496917
927,15/07/20,20.146451,21.915095097602578,18.555101512838174
928,16/07/20,20.577975,21.91318717516719,18.538456017687572
929,17/07/20,23.021564,21.91174836894395,18.520398274609377
930,18/07/20,23.009681,21.912943003638304,18.501786828577192
931,19/07/20,21.554329,21.914122291806436,18.483184413559925
932,20/07/20,22.484991,21.913735832846385,18.463470265067873
933,21/07/20,20.560874,21.914348767575092,18.444009441096604
934,22/07/20,18.929914,21.912898097942104,18.42620228253349
935,23/07/20,18.662403,21.90970432481797,18.415990788820054
936,24/07/20,18.287857,21.90623127527271,18.407560518303395
937,25/07/20,18.334294,21.90236549079058,18.401867232002747
938,26/07/20,18.676957,21.898557516947687,18.395800721659548
939,27/07/20,18.628871,21.895122974818744,18.387241920429762
940,28/07/20,19.830649,21.891644538210844,18.379009544063567
941,29/07/20,22.257706,21.889451989765938,18.36397143154426
942,30/07/20,24.72651,21.889843333028676,18.3446000133411
943,31/07/20,24.922485,21.892854656454332,18.33365896837866
944,08/01/20,25.094096,21.896067413976652,18.32394027016284
945,08/02/20,23.487464,21.899455156122862,18.31535193591561
946,08/03/20,25.316061,21.90113558876189,18.298636329154178
947,08/04/20,26.680217,21.90474544649047,18.291607525602647
948,08/05/20,25.703266,21.909788183083407,18.29634822210491
949,08/06/20,24.729712,21.913789741962013,18.29221208908857
950,08/07/20,26.153626,21.916756994077964,18.281283585951517
951,08/08/20,24.870876,21.92121685618946,18.280916090726066
952,08/09/20,25.047432,21.924318495667706,18.270832414800374
953,08/10/20,24.757254,21.92759907707982,18.261875229840363
954,08/11/20,24.247011,21.93056828476389,18.25110573342883
955,08/12/20,24.744977,21.932996421781958,18.23759333980119
956,13/08/20,26.279841,21.93594090406281,18.22676754043523
957,14/08/20,26.087453,21.940484732615047,18.22741917491821
958,15/08/20,24.747308,21.944818032789954,18.226324040725412
959,16/08/20,18.160459,21.94774338766178,18.21548837026396
960,17/08/20,24.545081,21.94379418600624,18.21143527111166
961,18/08/20,24.65297,21.946503859770818,18.199506322339758
962,19/08/20,22.613527,21.949320161685726,18.188182524649893
963,20/08/20,25.575792,21.950010605384602,18.16973401072267
964,21/08/20,26.734322,21.953775695098635,18.164503382808387
965,22/08/20,18.620621,21.958734768029032,18.169343022344435
966,23/08/20,17.24001,21.955275582777187,18.16204987555896
967,24/08/20,18.106415,21.950394355465825,18.166241038454856
968,25/08/20,19.125555,21.946419195842797,18.162719482938112
969,26/08/20,18.697248,21.943505079938,18.152168176123208
970,27/08/20,18.930383,21.94015496943239,18.14429938513561
971,28/08/20,18.50079,21.93705211173194,18.134923188257982
972,29/08/20,18.240988,21.933513221812543,18.12839467493039
973,30/08/20,18.21901,21.929714327551423,18.123757144401495
974,31/08/20,21.208732,21.925900654039037,18.11926733766696
975,09/01/20,17.879903,21.925164341252547,18.101191912081994
976,09/02/20,18.910703,21.92101535526152,18.099393105594107
977,09/03/20,23.019566,21.91793101883195,18.09012394837542
978,09/04/20,26.207867,21.919058587901723,18.072848854735557
979,09/05/20,26.114446,21.92344387257667,18.07315787426023
980,09/06/20,21.609948,21.92772477362613,18.072619978134007
981,09/07/20,24.464738,21.92740051161223,18.054281466967407
982,09/08/20,21.585347,21.929986992232397,18.042433594682834
983,09/09/20,17.092995,21.929636035010166,18.024181275106084
984,09/10/20,21.634735,21.924715749114938,18.029618831128268
985,09/11/20,22.261458,21.92442105323169,18.0113814170506
986,09/12/20,22.256476,21.924763222720795,17.993210957317316
987,13/09/20,26.102466,21.925099645415802,17.97507374718909
988,14/09/20,28.030221,21.929332032806467,17.97452423926664
989,15/09/20,23.231043,21.93550702163966,17.993966191725633
990,16/09/20,25.187577,21.936816967017172,17.977467455828908
991,17/09/20,27.364784,21.940100563010084,17.969971798408306
992,18/09/20,28.460562,21.945574511987875,17.98150310431423
993,19/09/20,28.461178,21.952142039697566,18.006120817523684
994,20/09/20,27.762408,21.958696960100692,18.030611010980277
995,21/09/20,28.792264,21.964535703601594,18.046323852472756
996,22/09/20,28.405221,21.971397742090435,18.074991890364824
997,23/09/20,27.528072,21.97785740399597,18.098362903919668
998,24/09/20,28.525649,21.983424319338,18.111076666791327
999,25/09/20,27.547558,21.989979654689364,18.135772799685817
1000,26/09/20,24.623085,21.99554279617616,18.14850551907513
1001,27/09/20,23.562691,21.998170338379982,18.137254087610867
1002,28/09/20,27.843952,21.9997332960839,18.121577789442473
1003,29/09/20,27.476058,22.00556584968062,18.137545082607055
1004,30/09/20,28.255115,22.011019979441656,18.14926881392322
1005,10/01/20,28.870847,22.017239197589625,18.169986563348306
1006,10/02/20,28.537516,22.024058707840776,18.19859871767388
1007,10/03/20,28.264843,22.03053331747513,18.222638832073287
1008,10/04/20,25.78047,22.03672429034755,18.243100978988263
1009,10/05/20,28.41172,22.040438323789665,18.23889326724499
1010,10/06/20,26.695451,22.04675277540137,18.261008337394166
1011,10/07/20,27.410969,22.051355446910872,18.264303377409167
1012,10/08/20,28.283624,22.05665674617209,18.274622607029002
1013,10/09/20,28.000057,22.062809875869547,18.29484215568128
1014,10/10/20,25.795201,22.068670929299095,18.311546264994906
1015,10/11/20,22.255047,22.072346008264283,18.307169326938215
1016,10/12/20,22.642518,22.07252600924136,18.289165560868405
1017,13/10/20,25.893655,22.0730870249803,18.27148387340202
1018,14/10/20,22.825701,22.0768437289872,18.267856442758305
1019,15/10/20,21.853651,22.07757934516698,18.250461923994084
1020,16/10/20,24.682229,22.077359592129525,18.2326009159184
1021,17/10/20,27.874639,22.07991338566665,18.221371593778645
1022,18/10/20,26.410138,22.08558892495591,18.236380981789168
1023,19/10/20,27.527887,22.0898203819765,18.23681840309753
1024,20/10/20,27.991957,22.095136185122175,18.247871035010885
1025,21/10/20,28.200621,22.100894799199203,18.263975202171423
1026,22/10/20,27.561982,22.106845751590228,18.282420456163997
1027,23/10/20,27.254423,22.112162648518503,18.29357746068184
1028,24/10/20,24.177488,22.11716971799414,18.301487408497767
1029,25/10/20,24.890789,22.11917391865757,18.287809679629454
1030,26/10/20,27.263877,22.12186742213798,18.277495369740848
1031,27/10/20,27.305311,22.126859664446588,18.285395463887752
1032,28/10/20,27.419654,22.13188241064984,18.293644690584184
1033,29/10/20,28.040638,22.137006220329443,18.302985572517617
1034,30/10/20,27.587406,22.14272125593416,18.31897409444558
1035,31/10/20,27.056573,22.14798690849128,18.32989957611838
1036,11/01/20,23.061455,22.152729503748777,18.335446473127597
1037,11/02/20,26.233902,22.153606651911183,18.318544483231356
1038,11/03/20,27.84866,22.157541362950806,18.316918842788986
1039,11/04/20,27.574124,22.163024136204225,18.330445537765033
1040,11/05/20,27.674383,22.168232124523563,18.340956967267743
1041,11/06/20,27.283731,22.17352650036537,18.35244503348317
1042,11/07/20,27.653409,22.178435438405362,18.35987698287544
1043,11/08/20,25.251917,22.183689731650656,18.37099664832719
1044,11/09/20,27.854475,22.18663146441034,18.362400287845134
1045,11/10/20,27.633149,22.19206043331416,18.375552854425408
1046,11/11/20,27.968096,22.197267216631566,18.386272051905696
1047,11/12/20,27.666637,22.20278426135754,18.400501836680572
1048,13/11/20,27.726379,22.208002840859585,18.41141365269108
1049,14/11/20,27.559407,22.213268466965634,18.422875488640987
1050,15/11/20,25.272629,22.21836488120113,18.432533330003434
1051,16/11/20,27.634239,22.221273704171413,18.423854388730867
1052,17/11/20,27.815625,22.22642400416744,18.434176425372122
1053,18/11/20,27.502136,22.231736932870707,18.446320243166813
1054,19/11/20,27.560724,22.236742060189915,18.455156337245903
1055,20/11/20,26.9039,22.241793276451595,18.464513770617867
1056,21/11/20,23.238354,22.246212334957328,18.467594456123805
1057,22/11/20,24.152471,22.247151863049226,18.451037466050316
1058,23/11/20,27.71457,22.248954435553436,18.437012649656488
1059,24/11/20,26.411789,22.254120423799606,18.447794980037244
1060,25/11/20,26.514203,22.258046456449467,18.446682694736968
1061,26/11/20,27.179057,22.262061698471683,18.446353540331135
1062,27/11/20,27.279414,22.266696001300645,18.451733090198893
1063,28/11/20,26.684498,22.271416074745748,18.4579966949514
1064,29/11/20,23.936733,22.275567609952947,18.458936463831048
1065,30/11/20,24.452159,22.277128855620283,18.44417888911488
1066,12/01/20,25.424729,22.279171137445992,18.431298264903912
1067,12/02/20,27.634538,22.282121942195104,18.42328133626852
1068,12/03/20,27.585189,22.28713826464853,18.432839187135187
1069,12/04/20,27.54439,22.292098986310844,18.441837520704613
1070,12/05/20,27.428098,22.297012261347035,18.450367845701326
1071,12/06/20,26.141458,22.30180766857942,18.457707160996684
1072,12/07/20,24.755537,22.305392776265155,18.454225780928212
1073,12/08/20,25.372224,22.307678358563415,18.44260580045239
1074,12/09/20,27.052846,22.3105344122833,18.434162260546554
1075,12/10/20,27.01352,22.314949972420838,18.437918700930563
1076,12/11/20,27.132353,22.319320735237188,18.4412843802496
1077,12/12/20,26.481291,22.323793813550168,18.445654701932792
1078,13/12/20,26.279501,22.327654070919202,18.44456192490798
1079,14/12/20,27.183046,22.331319977161392,18.441925603132166
1080,15/12/20,24.935419,22.335816479499517,18.44662949933245
1081,16/12/20,24.763612,22.33822351887035,18.435800838609886
1082,17/12/20,25.958359,22.34046717148934,18.424183138995296
1083,18/12/20,24.949207,22.343810879279093,18.419241236010734
1084,19/12/20,23.977645,22.34621660053553,18.408495695708798
1085,20/12/20,22.867287,22.347721608284115,18.393966735943597
1086,21/12/20,24.590876,22.348200470396296,18.377262342081952
1087,22/12/20,25.561536,22.350265549152834,18.364967406435024
1088,23/12/20,25.534107,22.35321979979759,18.357550482427897
1089,24/12/20,24.183042,22.356143409356598,18.349968858554515
1090,25/12/20,22.435383,22.35782100218547,18.33618054341212
1091,26/12/20,22.452993,22.35789215998163,18.319363873504756
1092,27/12/20,22.889017,22.357979328487605,18.302580804766404
1093,28/12/20,24.49237,22.358465626721593,18.28607820582972
1094,29/12/20,24.524423,22.360417963751125,18.273510322543263
1095,30/12/20,23.104828,22.362396030511864,18.261083564707718
1096,31/12/20,23.170982,22.36307405057532,18.244909700124055
1097,01/01/21,22.876548,22.363811192864944,18.228857884441148
1098,01/02/21,24.64027,22.36427859195987,18.212480310599947
1099,01/03/21,21.461506,22.36635144387976,18.200606848656154
1100,01/04/21,23.42042,22.365528108626002,18.184790100191606
1101,01/05/21,24.242198,22.366487101254524,18.16926918670865
1102,01/06/21,24.26029,22.368190744214328,18.15595931082063
1103,01/07/21,24.438743,22.369907712686,18.142729575437865
1104,01/08/21,24.468529,22.371783356645487,18.13015792491402
1105,01/09/21,22.918686,22.373682582771718,18.117714267462894
1106,01/10/21,21.40107,22.374175798533916,18.10158670696787
1107,01/11/21,23.188436,22.37329595603976,18.086075397753007
1108,01/12/21,24.41881,22.37403230657631,18.070337166194424
1109,13/01/21,24.584808,22.375877773808643,18.057798362114163
1110,14/01/21,24.128374,22.377869595473378,18.0459112336985
1111,15/01/21,22.547007,22.379446626468447,18.032411768686693
1112,16/01/21,22.821112,22.379597445886567,18.016206223627016
1113,17/01/21,23.467538,22.3799944913489,18.00017974303036
1114,18/01/21,23.886394,22.38097161938902,17.98506878927561
1115,19/01/21,23.916666,22.382322985978437,17.970956754605286
1116,20/01/21,22.455709,22.383699078367695,17.956948808714973
1117,21/01/21,22.101859,22.38376360338708,17.9408629950713
1118,22/01/21,24.064171,22.383511226839733,17.924872427537068
1119,23/01/21,24.344743,22.385014500339878,17.911363678301143
1120,24/01/21,23.330523,22.386765821608563,17.898786144788986
1121,25/01/21,24.001792,22.387608461946414,17.883599623556044
1122,26/01/21,23.362297,22.389048411578933,17.869968637407922
1123,27/01/21,22.528331,22.389915834563265,17.854885214911732
1124,28/01/21,22.316018,22.39003908938556,17.839002985599883
1125,29/01/21,21.606677,22.38997323432383,17.82313685682889
1126,30/01/21,20.137513,22.38927697100443,17.80783896416529
1127,31/01/21,22.103055,22.38727718062166,17.796522888642173
1128,02/01/21,24.910229,22.387024987027495,17.78080344559011
1129,02/02/21,24.14827,22.38926187001772,17.77067943046008
1130,02/03/21,23.173112,22.39081989316208,17.757677384043355
1131,02/04/21,25.66613,22.391512187061938,17.742503722079025
1132,02/05/21,26.333276,22.39440751669318,17.736288989100043
1133,02/06/21,23.375564,22.39788708249116,17.734314333965415
1134,02/07/21,21.869725,22.398749992391874,17.719504708346737
1135,02/08/21,23.66705,22.398283480052903,17.704125621871906
1136,02/09/21,24.703644,22.399401336017615,17.689944321926596
1137,02/10/21,25.279392,22.401429718644362,17.679041959291716
1138,02/11/21,25.976613,22.403960907985923,17.670771370255764
1139,02/12/21,24.956882,22.40710032107205,17.666449626468054
1140,13/02/21,21.232069,22.40933893536435,17.65664210145141
1141,14/02/21,18.680598,22.40830624243859,17.642368510785552
1142,15/02/21,21.060376,22.405039188764235,17.639074261536663
1143,16/02/21,21.526862,22.403861725376526,17.625210392480632
1144,17/02/21,23.640704,22.40309444652668,17.610462575527407
1145,18/02/21,26.587846,22.404176273059434,17.59640652303837
1146,19/02/21,27.336431,22.407830133082964,17.59631167528072
1147,20/02/21,22.088495,22.412130831919715,17.60213505957574
1148,21/02/21,21.583705,22.41184867339145,17.586880058508168
1149,22/02/21,25.81373,22.411127293885013,17.572157362061667
1150,23/02/21,26.765301,22.414088653942557,17.566931488677753
1151,24/02/21,26.786506,22.41787231685217,17.568105100739505
1152,25/02/21,24.367097,22.421667828305818,17.56940855335253
1153,26/02/21,23.835158,22.423356568906243,17.557439804032658
1154,27/02/21,24.033021,22.424581028083256,17.54393938320316
1155,28/02/21,21.644375,22.425974823552856,17.530976556447257
1156,03/01/21,23.928258,22.425298113748912,17.51632668009355
1157,03/02/21,24.082691,22.42659825205882,17.50312651373013
1158,03/03/21,22.846515,22.428029620034568,17.490366916666986
1159,03/04/21,23.090688,22.428391006373054,17.475414077169273
1160,03/05/21,24.137037,22.42896244467644,17.46071420207759
1161,03/06/21,22.420092,22.430434922741377,17.448174796372506
1162,03/07/21,21.813698,22.430426014108523,17.43314631410513
1163,03/08/21,24.057632,22.42989526710843,17.418470651284753
1164,03/09/21,22.800505,22.43129486877042,17.405769686570455
1165,03/10/21,22.552554,22.43161205960481,17.390933285646412
1166,03/11/21,22.650977,22.431715872429184,17.376017990463538
1167,03/12/21,24.610789,22.43190391799314,17.361156940909936
1168,13/03/21,23.385074,22.43377100032562,17.350344871588444
1169,14/03/21,22.283641,22.43458547207192,17.336264270318058
1170,15/03/21,25.520534,22.434456349341318,17.32145374890916
1171,16/03/21,26.367289,22.437094022547008,17.314782194595157
1172,17/03/21,26.320802,22.440450294944494,17.313175413691102
1173,18/03/21,23.570869,22.443761175238908,17.311239497787703
1174,19/03/21,24.86559,22.44472205147485,17.297563495690298
1175,20/03/21,24.385729,22.446784119574108,17.287817368036052
1176,21/03/21,21.788135,22.44843428542979,17.27630118956852
1177,22/03/21,25.289817,22.44787280644558,17.26198088617789
1178,23/03/21,25.577923,22.450287372455396,17.254171033884994
1179,24/03/21,24.198052,22.45294241118846,17.24782097411505
1180,25/03/21,25.690906,22.454422571993216,17.23577263099386
1181,26/03/21,26.77906,22.457165354559326,17.230035491484006
1182,27/03/21,25.573357,22.460824875850978,17.23124880373576
1183,28/03/21,22.859116,22.463458151759735,17.224859980778305
1184,29/03/21,26.085947,22.463792604716826,17.21043187665588
1185,30/03/21,24.42221,22.46685185673987,17.206967763060803
1186,31/03/21,23.172344,22.468501948000004,17.195670911740986
1187,04/01/21,24.904785,22.469095406728503,17.181589381404752
1188,04/02/21,23.391967,22.47114737774221,17.172108333762715
1189,04/03/21,23.425123,22.471922478434344,17.158366824263588
1190,04/04/21,23.39971,22.47272416095879,17.14469942329288
1191,04/05/21,26.973379,22.473503140655467,17.131013609191463
1192,04/06/21,26.797877,22.477281373954664,17.133617192364905
1193,04/07/21,27.248485,22.480906034714767,17.13489090769877
1194,04/08/21,27.235706,22.48490232890193,17.139564726336182
1195,04/09/21,21.803793,22.488881226448914,17.144097111456734
1196,04/10/21,20.761694,22.48830793086193,17.130143016066363
1197,04/11/21,20.123899,22.4868642737291,17.118310708383788
1198,04/12/21,21.2443,22.484890200818715,17.10867046570269
1199,13/04/21,21.890969,22.483854649732887,17.09567306076621
1200,14/04/21,20.609232,22.483360166288573,17.081707712276486
1201,15/04/21,21.364868,22.481798392816668,17.070397480366275
1202,16/04/21,20.581133,22.480868392489594,17.057221874434873
1203,17/04/21,20.145404,22.479287913793677,17.04603116744294
1204,18/04/21,17.46739,22.477347860665002,17.036385660457796
1205,19/04/21,21.261752,22.473186766096347,17.04306543221585
1206,20/04/21,22.617271,22.472181426041494,17.030138702636105
1207,21/04/21,21.192697,22.472301732487562,17.01603496700315
1208,22/04/21,20.567382,22.471241579436615,17.00329262792074
1209,23/04/21,20.506039,22.469665536738407,16.992215134631245
1210,24/04/21,18.820461,22.468041362597187,16.98134699961861
1211,25/04/21,18.355305,22.465026833371898,16.97829947876274
1212,26/04/21,21.82629,22.46163317372419,16.978214893355435
1213,27/04/21,22.944148,22.461108963184817,16.964539244016713
1214,28/04/21,23.961859,22.461507181681778,16.950745835205478
1215,29/04/21,20.559234,22.462743056326193,16.93863583149608
1216,30/04/21,24.23467,22.46117638220576,16.927674291345998
1217,05/01/21,19.950997,22.46263484735197,16.916337958074916
1218,05/02/21,21.007086,22.460571052900573,16.907617171890777
1219,05/03/21,23.364333,22.459377715418718,16.89546878693919
1220,05/04/21,22.913229,22.460120090549633,16.882279946466543
1221,05/05/21,23.85542,22.460491491295084,16.86861015913239
1222,05/06/21,24.881838,22.461633938886163,16.856387081124645
1223,05/07/21,25.1714,22.463614465941085,16.84738234081097
1224,05/08/21,20.263204,22.465828517890436,16.839597160908927
1225,05/09/21,19.182708,22.464028988055556,16.829799770318594
1226,05/10/21,21.323935,22.461350358677553,16.824843426003106
1227,05/11/21,21.295823,22.460422613686788,16.81217443337729
1228,05/12/21,20.215235,22.459473469747355,16.79957705151433
1229,13/05/21,21.009405,22.45764591399023,16.78999474515163
1230,14/05/21,21.480271,22.45646752431245,16.77803843954355
1231,15/05/21,19.805673,22.45567386860163,16.76517189194241
1232,16/05/21,18.088276,22.453521146531276,16.757252824514538
1233,17/05/21,20.008076,22.449977928068183,16.75910562106289
1234,18/05/21,21.711468,22.447997472327657,16.750345639981436
1235,19/05/21,21.528842,22.447400608897894,16.737210867223
1236,20/05/21,25.085692,22.44665683674494,16.72434111487684
1237,21/05/21,25.124596,22.448791978462783,16.71644024979909
1238,22/05/21,24.794134,22.450955118334683,16.708710014369483
1239,23/05/21,20.487876,22.45284783148627,16.699644862747192
1240,24/05/21,24.532939,22.45126189780468,16.689280337420946
1241,25/05/21,24.583325,22.45294066966129,16.67931308303338
1242,26/05/21,24.725825,22.454657337131348,16.66952707751401
1243,27/05/21,24.752843,22.456485974541064,16.66025535636525
1244,28/05/21,25.027724,22.458333405776347,16.65109104250384
1245,29/05/21,25.150822,22.460398832299035,16.643008542580752
1246,30/05/21,23.331644,22.462559814763054,16.635449951674268
1247,31/05/21,24.36052,22.46325731410915,16.622704567391544
1248,06/01/21,22.408397,22.46477877576584,16.61225870894683
1249,06/02/21,24.490846,22.464733598060896,16.5989501493703
1250,06/03/21,25.384644,22.466355785732585,16.588944460484328
1251,06/04/21,26.283818,22.468690416304003,16.58248097929718
1252,06/05/21,25.23669,22.471740078641087,16.580851149280992
1253,06/06/21,25.999123,22.473948505095848,16.57370896935272
1254,06/07/21,25.739112,22.476761892561857,16.57039151410007
1255,06/08/21,26.145476,22.479363447671453,16.565657901281703
1256,06/09/21,26.056331,22.482284652892435,16.56315910755896
1257,06/10/21,26.089686,22.485130231194272,16.560134010389348
1258,06/11/21,26.111743,22.487997817326974,16.55728783052135
1259,06/12/21,25.020766,22.490878377885537,16.554556354289986
1260,13/06/21,24.217967,22.492887820000007,16.546487006683616
1261,14/06/21,24.019264,22.494256930460324,16.53571482362536
1262,15/06/21,25.13234,22.495466293719275,16.524444472674507
1263,16/06/21,25.068985,22.49755573405706,16.516855842626892
1264,17/06/21,25.720228,22.499591703388763,16.509009569686317
1265,18/06/21,26.070853,22.50213967514241,16.50414824254629
1266,19/06/21,24.158062,22.504960792395263,16.50116128507095
1267,20/06/21,23.57286,22.50626655954187,16.490284052647805
1268,21/06/21,25.317842,22.507108385461727,16.47816600973429
1269,22/06/21,23.59825,22.509325052350164,16.471396157196477
1270,23/06/21,26.261064,22.510183149235623,16.45935000036535
1271,24/06/21,21.873045,22.51313659872441,16.45745919652216
1272,25/06/21,24.587697,22.512632986136904,16.444832867411247
1273,26/06/21,28.368907,22.514264325770444,16.43528701258424
1274,27/06/21,26.465526,22.518863416637867,16.449281221379756
1275,28/06/21,28.896851,22.52196126795919,16.44858627487397
1276,29/06/21,28.758995,22.526961181474515,16.46753432108844
1277,30/06/21,28.965368,22.531845220517244,16.48504237257566
1278,07/01/21,28.977685,22.536883217995307,16.50451986741514
1279,07/02/21,28.329011,22.541922968998442,16.52404017077225
1280,07/03/21,26.191957,22.546447666442543,16.537285020565356
1281,07/04/21,25.185521,22.549295720609383,16.534739763278193
1282,07/05/21,27.976678,22.551353663840757,16.527253048803935
1283,07/06/21,29.912472,22.55558558609985,16.5373029174099
1284,07/07/21,28.717168,22.561319714247862,16.566565808649354
1285,07/08/21,28.62163,22.56611398861371,16.583153339399253
1286,07/09/21,28.762049,22.570826452435803,16.59876235451567
1287,07/10/21,28.729092,22.575640777900475,16.61563845694077
1288,07/11/21,28.876909,22.580422014281282,16.6321263375786
1289,07/12/21,28.817467,22.58531059113355,16.64997015835751
1290,13/07/21,29.328019,22.59014546809931,16.667161525026813
1291,14/07/21,28.67397,22.595368625875977,16.689406939934077
1292,15/07/21,28.940171,22.600077070007753,16.705078022018164
1293,16/07/21,28.986744,22.604984263452018,16.723236381887954
1294,17/07/21,30.556245,22.609919885831406,16.74177630686625
1295,18/07/21,29.431022,22.616060786228754,16.7775981839313
1296,19/07/21,28.918519,22.62132330454055,16.800478673740635
1297,20/07/21,28.91049,22.626182251836426,16.818089474057885
1298,21/07/21,28.647296,22.631027516098694,16.835548213663
1299,22/07/21,28.774096,22.63566254574731,16.85044193683243
1300,23/07/21,29.023534,22.6403880526405,16.8664549592542
1301,24/07/21,21.892259,22.645298164907697,16.88479861714869
1302,25/07/21,24.650554,22.644719349254427,16.872255829674334
1303,26/07/21,28.739505,22.646259928863294,16.86238488241512
1304,27/07/21,29.003129,22.650936248948586,16.877915777772103
1305,28/07/21,28.779091,22.655807562407983,16.89589238317604
1306,29/07/21,28.217164,22.66049973362453,16.91165481703017
1307,30/07/21,28.494226,22.66475445358347,16.92232956504073
1308,31/07/21,28.408902,22.669214646044384,16.935362777267525
1309,08/01/21,28.517708,22.67360278622325,16.947582549126203
1310,08/02/21,28.68518,22.678067343300235,16.960706989049275
1311,08/03/21,30.593401,22.682652925480923,16.975284965669463
1312,08/04/21,30.331454,22.688687058260875,17.010034710618786
1313,08/05/21,30.364641,22.69451233794208,17.04155706622864
1314,08/06/21,29.783028,22.7003540200914,17.07335029560618
1315,08/07/21,29.567201,22.7057441829376,17.098504590616766
1316,08/08/21,28.639141,22.710962020821302,17.12127666901409
1317,08/09/21,29.683208,22.715466716094234,17.134950927904924
1318,08/10/21,30.150066,22.720757332103272,17.15877598791096
1319,08/11/21,30.41494,22.726394136858882,17.187602978603312
1320,08/12/21,30.420651,22.732223208779384,17.219355304171327
1321,13/08/21,30.736477,22.738047775287885,17.251058171472575
1322,14/08/21,29.821013,22.744102604375477,17.286391542229076
1323,15/08/21,29.222712,22.749455789243573,17.311170956144196
1324,16/08/21,29.33922,22.754348651080882,17.329734979020763
1325,17/08/21,30.027497,22.759322118867075,17.34937096546886
1326,18/08/21,29.934656,22.764807533871704,17.376115966360715
1327,19/08/21,30.303495,22.77021465941177,17.40175084025973
1328,20/08/21,30.243234,22.77589158506406,17.43137088244304
1329,21/08/21,23.847657,22.78151458387049,17.460202089522802
1330,22/08/21,24.696551,22.78231679787811,17.447918870777578
1331,23/08/21,27.118468,22.78375607171429,17.437553170478797
1332,24/08/21,27.136133,22.787012804943657,17.438558472755503
1333,25/08/21,26.731849,22.7902779101952,17.439656136166313
1334,26/08/21,26.666377,22.79323482774194,17.438219280666708
1335,27/08/21,26.617743,22.79613823266867,17.436384022575137
1336,28/08/21,27.134267,22.799000857962554,17.43425468860701
1337,29/08/21,26.499983,22.80224581764971,17.43526233087488
1338,30/08/21,28.126376,22.80501151486912,17.432440918098116
1339,31/08/21,28.325913,22.808988618370712,17.44055998793972
1340,09/01/21,28.180737,22.813108800881263,17.45024868391388
1341,09/02/21,28.252073,22.81711449356717,17.458711133713173
1342,09/03/21,28.069572,22.821167408187925,17.467702957285244
1343,09/04/21,27.456967,22.825078290894197,17.475197384935992
1344,09/05/21,26.448312,22.828527202814602,17.47814840552602
1345,09/06/21,26.966746,22.83122049507441,17.47488571537274
1346,09/07/21,27.015706,22.834295235226772,17.47459944758111
1347,09/08/21,27.434482,22.837401781114416,17.47459692662404
1348,09/09/21,26.772105,22.84081460978471,17.47730135169088
1349,09/10/21,26.721372,22.843730997314545,17.47579265555903
1350,09/11/21,27.037379,22.84660545320979,17.473975873484964
1351,09/12/21,24.493372,22.849709729911115,17.474031871800747
1352,13/09/21,27.0194,22.85092635631385,17.463095968072718
1353,14/09/21,26.694318,22.854009546878704,17.463022169516098
1354,15/09/21,27.136761,22.856847912328167,17.46100742202659
1355,16/09/21,28.041323,22.86000885257017,17.461630110406595
1356,17/09/21,28.107548,22.863832700649457,17.46854123485371
1357,18/09/21,23.841031,22.867699747330395,17.475921567607337
1358,19/09/21,23.276179,22.868417014281512,17.46374084102037
1359,20/09/21,23.572144,22.86871728083948,17.451003290621742
1360,21/09/21,25.554118,22.869234886961014,17.438526058657523
1361,22/09/21,27.361304,22.8712090657206,17.431000154858133
1362,23/09/21,27.187713,22.874508180293912,17.432995113731266
1363,24/09/21,25.074927,22.877674997342154,17.433844659672875
1364,25/09/21,25.685208,22.879287067776975,17.424593397441395
1365,26/09/21,24.285812,22.88134419456013,17.417586672181375
1366,27/09/21,25.566881,22.882373108703305,17.40627055354955
1367,28/09/21,25.621539,22.884338341420214,17.398799862760487
1368,29/09/21,25.59359,22.886340682794447,17.391548938673044
1369,30/09/21,22.466073,22.88831966621346,17.38418950323832
1370,10/01/21,26.148707,22.888011231833463,17.371621185129147
1371,10/02/21,21.93869,22.890391301737235,17.366696188795935
1372,10/03/21,20.200572,22.889697135944573,17.354689170955265
1373,10/04/21,21.819966,22.887737132201174,17.347306834315688
1374,10/05/21,23.14812,22.886959440189376,17.33550202583744
1375,10/06/21,26.030742,22.88714951337701,17.32293481562824
1376,10/07/21,23.609967,22.88943576245819,17.31751812607976
1377,10/08/21,26.374461,22.889959404345937,17.30530974660147
1378,10/09/21,28.575979,22.892489906594054,17.301553482319985
1379,10/10/21,27.097972,22.8966143544122,17.312422171389915
1380,10/11/21,28.143214,22.899661024205955,17.312658707826
1381,10/12/21,28.438315,22.90346070027537,17.320022668187825
1382,13/10/21,29.000375,22.90746856001449,17.329647872048334
1383,14/10/21,29.044525,22.91187732010131,17.34395105500899
1384,15/10/21,28.661109,22.916311627895887,17.3585846215045
1385,16/10/21,28.363216,22.92046249304914,17.36987094111852
1386,17/10/21,27.121159,22.92439227897474,17.37870293096703
1387,18/10/21,29.58932,22.92742024919193,17.378862700299763
1388,19/10/21,29.300834,22.932223349228558,17.39830757976514
1389,20/10/21,29.229894,22.936811685432286,17.414973050020624
1390,21/10/21,29.349305,22.94134234224623,17.430926541864856
1391,22/10/21,29.483013,22.94595238732375,17.44790605113433
1392,23/10/21,28.61415,22.95065192766356,17.46606171915918
1393,24/10/21,27.061795,22.954720532600586,17.476540243699418
1394,25/10/21,28.33639,22.957668899052415,17.476094738513865
1395,26/10/21,28.312254,22.96152737903875,17.484296885038642
1396,27/10/21,28.106268,22.96536302536202,17.4922721215923
1397,28/10/21,26.488652,22.96904562204872,17.498660158810782
1398,29/10/21,27.76935,22.97156502532571,17.49499523510933
1399,30/10/21,26.335388,22.97499691729615,17.498934634214017
1400,31/10/21,26.661702,22.97739891235169,17.494492333965074
1401,11/01/21,28.354347,22.980030557414295,17.491685120486267
1402,11/02/21,28.231204,22.983866614832273,17.499801448764714
1403,11/03/21,29.246233,22.9876093661769,17.506944892920178
1404,11/04/21,30.397736,22.992070252587325,17.52236578093716
1405,11/05/21,29.650116,22.99734494329061,17.548920237336887
1406,11/06/21,30.624156,23.002080011658375,17.567908807564535
1407,11/07/21,26.922115,23.007501118335718,17.59670454972488
1408,11/08/21,30.103053,23.010283359900512,17.59508166833996
1409,11/09/21,29.29461,23.01532083833808,17.61828945940881
1410,11/10/21,29.225342,23.019777395585535,17.633749501214876
1411,11/11/21,30.36506,23.024178505234058,17.6485352963838
1412,11/12/21,30.044247,23.0293811143728,17.6741921454884
1413,13/11/21,30.358853,23.034349149702567,17.69650043241918
1414,14/11/21,28.251287,23.03953280423215,17.7219171971206
1415,15/11/21,29.685297,23.043218627567203,17.728580036579388
1416,16/11/21,30.078636,23.04791267588694,17.74720720748548
1417,17/11/21,30.299484,23.05287787597459,17.769558163915356
1418,18/11/21,30.141613,23.057991924050828,17.794051235658984
1419,19/11/21,29.562873,23.062987425514823,17.816863823862494
1420,20/11/21,29.913904,23.06756803550389,17.83406035326117
1421,21/11/21,27.741706,23.07238939885917,17.85448658362185
1422,22/11/21,29.681267,23.075675335946528,17.857254133134443
1423,23/11/21,28.970383,23.080320618410703,17.875359549632353
1424,24/11/21,24.472482,23.084459804905144,17.887160740948357
1425,25/11/21,29.507726,23.085434539592708,17.8759515358358
1426,26/11/21,29.944548,23.089941410792996,17.892331136977024
1427,27/11/21,28.235968,23.094748287784025,17.912710064820725
1428,28/11/21,28.315372,23.098351104681164,17.918667252761292
1429,29/11/21,28.550106,23.102004480658273,17.92516555810484
1430,30/11/21,27.908241,23.105817007963623,17.933378205810367
1431,12/01/21,27.909864,23.10917534641959,17.936954268627307
1432,12/02/21,28.394132,23.11253012535291,17.94051370400878
1433,12/03/21,28.297838,23.11621839481845,17.94745177990778
1434,12/04/21,28.477318,23.119834319176565,17.95365065890872
1435,12/05/21,22.301147,23.12357036079499,17.96113250336432
1436,12/06/21,28.272522,23.122997243470394,17.94908705133364
1437,12/07/21,28.372406,23.12658326349583,17.955041126450563
1438,12/08/21,28.284889,23.130233801238703,17.96168306450375
1439,12/09/21,27.926775,23.133818401516006,17.967656854333466
1440,12/10/21,27.979277,23.137149156622666,17.9711237146087
1441,12/11/21,28.394692,23.140511745402787,17.974914545339395
1442,12/12/21,20.203957,23.144157949604452,17.981585147551982
1443,13/12/21,19.638863,23.142118975298207,17.975106091714487
1444,14/12/21,23.239156,23.139691216479566,17.971148497311216
1445,15/12/21,26.533446,23.1397600979086,17.958709950146822
1446,16/12/21,26.749136,23.14210866946714,17.95424657557085
1447,17/12/21,27.69893,23.144603155864466,17.950821542311534
1448,18/12/21,23.67301,23.14775058284728,17.95274050364513
1449,19/12/21,18.584675,23.148113331063545,17.94053260752273
1450,20/12/21,22.364811,23.144963960234655,17.942513328595428
1451,21/12/21,21.673444,23.144425923710354,17.93055864277612
1452,22/12/21,23.548065,23.14341215257065,17.919691473884335
1453,23/12/21,24.359339,23.143690839104693,17.907462782205105
1454,24/12/21,21.541523,23.1445274861528,17.89615467525428
1455,25/12/21,19.860444,23.14342500713894,17.885612516676925
1456,26/12/21,17.592541,23.141168662804134,17.88072244399034
1457,27/12/21,21.742712,23.137357792156603,17.889572307585187
1458,28/12/21,17.41888,23.13640058845574,17.87862799023302
1459,29/12/21,16.949582,23.132479106570653,17.888771332164264
1460,30/12/21,17.836814,23.12824134296094,17.90269404884825
1461,31/12/21,19.155768,23.124617077657543,17.909596330862286
